-- phpMyAdmin SQL Dump
-- version 4.8.0.1
-- https://www.phpmyadmin.net/
--
-- Host: 127.0.0.1
-- Generation Time: Mar 21, 2019 at 01:27 PM
-- Server version: 10.1.32-MariaDB
-- PHP Version: 7.2.5

SET SQL_MODE = "NO_AUTO_VALUE_ON_ZERO";
SET AUTOCOMMIT = 0;
START TRANSACTION;
SET time_zone = "+00:00";


/*!40101 SET @OLD_CHARACTER_SET_CLIENT=@@CHARACTER_SET_CLIENT */;
/*!40101 SET @OLD_CHARACTER_SET_RESULTS=@@CHARACTER_SET_RESULTS */;
/*!40101 SET @OLD_COLLATION_CONNECTION=@@COLLATION_CONNECTION */;
/*!40101 SET NAMES utf8mb4 */;

--
-- Database: `utspw`
--

-- --------------------------------------------------------

--
-- Table structure for table `comment`
--

CREATE TABLE `comment` (
  `idComment` int(11) NOT NULL,
  `idPost` int(11) NOT NULL,
  `idUser` int(11) NOT NULL,
  `text` varchar(255) NOT NULL,
  `dateComment` timestamp NOT NULL DEFAULT CURRENT_TIMESTAMP ON UPDATE CURRENT_TIMESTAMP
) ENGINE=InnoDB DEFAULT CHARSET=latin1;

--
-- Dumping data for table `comment`
--

INSERT INTO `comment` (`idComment`, `idPost`, `idUser`, `text`, `dateComment`) VALUES
(1, 153, 14, 'Squeeze the finicky debonair tense sharp brainy blushing earthy librarian with this city!', '2019-01-10 06:08:14'),
(2, 69, 25, 'Squeeze the shark in that doctor!', '2019-02-23 02:13:00'),
(3, 2, 30, 'String that skyscraper!', '2019-03-10 10:15:57'),
(4, 7, 45, 'Fix that skyscraper from this cow!', '2019-01-15 10:47:03'),
(5, 94, 7, 'Squeeze a librarian!', '2019-02-02 10:45:36'),
(6, 209, 8, 'Could this soft librarian at a shrubbery eat that doctor in the wet finicky dog?', '2018-12-30 16:34:38'),
(7, 105, 20, 'This low cow with a perspicacious mild-mannered debonair doctor threw this sharp city with that skyscraper.', '2018-12-22 01:04:28'),
(8, 271, 58, 'Get this sheep!', '2019-03-08 17:26:24'),
(9, 181, 48, 'A hatter lazily ate the rabbit above that programmer.', '2019-03-01 12:20:06'),
(10, 170, 47, 'Thread a tense mild-mannered village with the green shark!', '2018-12-30 15:14:16'),
(11, 299, 51, 'Squeeze that cow!', '2019-02-16 17:57:10'),
(12, 232, 28, 'Will a hatter near this hatter jump this hatter from this soft village?', '2019-03-17 14:14:33'),
(13, 72, 38, 'A low mellow delectable wet debonair earthy skyscraper gnashed that cow.', '2019-02-10 17:54:25'),
(14, 290, 51, 'The sharp perspicacious hatter threw that cow.', '2019-01-30 01:46:50'),
(15, 278, 57, 'Could this expensive village itch the librarian?', '2019-01-06 05:31:21'),
(16, 60, 46, 'Should a sharp silly city belong a ball?', '2019-01-26 12:58:13'),
(17, 149, 35, 'Could a shark near the perspicacious sharp ball eat this sheep under the programmer?', '2019-01-30 22:03:09'),
(18, 103, 50, 'Will a moon salivate the humdrum red delectable doctor in the programmer?', '2019-02-25 16:20:54'),
(19, 239, 55, 'Launch a ball under this red buffalo!', '2019-01-06 09:01:56'),
(20, 32, 57, 'Break a sheep in that low mellow city!', '2018-12-29 15:17:13'),
(21, 236, 49, 'Will this city throw a ball under a programmer?', '2019-03-15 22:44:32'),
(22, 270, 39, 'Get the dog under a skyscraper!', '2019-03-07 03:39:38'),
(23, 148, 58, 'Did a shark under that city grease the programmer from the earthy blushing sheep?', '2019-03-15 18:46:12'),
(24, 77, 59, 'That shrubbery in that ball ran a mild-mannered low cow with a wet big moon.', '2019-01-29 10:25:42'),
(25, 111, 12, 'Will this librarian boil this debonair perspicacious low sheep?', '2019-03-03 21:05:26'),
(26, 189, 36, 'This humdrum dog jumped that doctor under the city.', '2019-01-31 18:53:32'),
(27, 284, 55, 'A ball thought this rabbit under that perspicacious finicky skyscraper.', '2019-01-16 05:46:00'),
(28, 120, 11, 'Will that shark above this sheep belong that shark?', '2019-03-07 15:59:20'),
(29, 212, 60, 'Squeeze this hatter in a perspicacious moon!', '2019-01-18 15:15:32'),
(30, 44, 55, 'Get a rabbit!', '2019-02-15 11:01:04'),
(31, 275, 2, 'Fetch the moon!', '2019-02-08 22:35:52'),
(32, 133, 18, 'String the expensive city!', '2019-02-18 05:11:59'),
(33, 260, 36, 'Could this dog throw this village?', '2019-02-16 02:05:41'),
(34, 212, 45, 'Get a wet low humdrum doctor!', '2019-01-28 17:07:51'),
(35, 63, 55, 'The red dog jumped that programmer.', '2019-03-18 00:17:11'),
(36, 34, 34, 'The village ate this big tense mild-mannered buffalo in that humdrum ball.', '2019-01-16 02:48:24'),
(37, 225, 14, 'Squeeze that cow!', '2019-01-13 02:01:50'),
(38, 3, 36, 'Pull this red humdrum ball above that dog!', '2019-01-24 01:24:04'),
(39, 267, 24, 'Should a city boil the programmer above this ball?', '2019-03-19 21:08:54'),
(40, 98, 20, 'That dog climbed a shark above the low cute programmer.', '2019-01-06 23:50:53'),
(41, 7, 17, 'The finicky perspicacious mellow red ball at the mild-mannered big village gnashed a programmer under that blushing soft cow.', '2019-01-31 11:22:00'),
(42, 288, 6, 'Could that soft doctor throw a skyscraper?', '2019-01-03 16:33:11'),
(43, 154, 51, 'A shark thought a expensive cow from that expensive mellow sheep.', '2019-02-26 05:26:57'),
(44, 246, 48, 'A blushing cute mellow city above the dog milked a earthy skyscraper.', '2019-02-27 12:11:33'),
(45, 233, 58, 'Break the red dog from a low finicky brainy wet robust skyscraper!', '2019-01-23 19:21:45'),
(46, 222, 47, 'Launch a rabbit!', '2019-02-21 16:21:18'),
(47, 222, 48, 'Fetch the moon above this doctor!', '2019-03-01 07:50:40'),
(48, 242, 46, 'Did a sheep bring a cow?', '2019-01-13 23:13:02'),
(49, 294, 5, 'Did this sharp ball learn this buffalo?', '2019-02-03 04:29:51'),
(50, 56, 50, 'Will that skyscraper under that moon milk a red finicky ball?', '2019-02-10 16:44:22'),
(51, 110, 21, 'A doctor unflinchingly jumped that programmer.', '2019-03-18 07:31:38'),
(52, 171, 15, 'That sheep from the shark climbed that shark.', '2019-02-12 05:27:12'),
(53, 13, 23, 'Could that ball under a shrubbery glue that librarian from that silly moon?', '2019-03-13 11:32:34'),
(54, 281, 45, 'Did the hatter from the city bring the dog?', '2019-02-01 07:42:19'),
(55, 86, 18, 'Did this librarian boil the earthy skyscraper with this shark?', '2019-02-07 21:33:22'),
(56, 44, 8, 'Fetch this rabbit under the humdrum dog!', '2018-12-30 12:13:19'),
(57, 287, 18, 'Break this finicky perspicacious programmer from this programmer!', '2019-01-08 09:30:17'),
(58, 50, 39, 'That librarian threw the debonair sharp sheep.', '2018-12-28 08:51:59'),
(59, 225, 55, 'String a mellow rabbit!', '2019-03-03 08:39:49'),
(60, 4, 36, 'The skyscraper ate a mild-mannered hatter.', '2019-01-02 19:51:19'),
(61, 164, 36, 'Will the earthy hatter gnash the perspicacious rabbit in a city?', '2018-12-31 05:49:08'),
(62, 225, 32, 'Could that shrubbery salivate a shark?', '2019-01-25 21:31:03'),
(63, 21, 60, 'A mild-mannered tense cow from a perspicacious robust delectable low shark gnashed the mild-mannered perspicacious village.', '2019-01-01 00:30:02'),
(64, 155, 20, 'Thread a moon near the tense big red hatter!', '2019-03-03 03:12:09'),
(65, 172, 22, 'Squeeze this dog!', '2019-02-16 14:14:17'),
(66, 93, 16, 'This moon climbed a cow.', '2018-12-23 19:52:22'),
(67, 159, 51, 'The delectable green mellow cute humdrum blushing soft buffalo near that shark smugly thought that moon.', '2019-01-31 04:50:59'),
(68, 208, 17, 'Fetch a dog!', '2019-01-17 20:37:51'),
(69, 224, 56, 'Launch that village!', '2019-01-15 19:04:36'),
(70, 244, 56, 'Will this wet moon milk a ball?', '2018-12-21 19:34:05'),
(71, 203, 40, 'Break this librarian from this moon!', '2019-01-07 06:27:06'),
(72, 176, 5, 'Should the wet dog gnash the hatter from the dog?', '2019-02-11 10:03:21'),
(73, 76, 50, 'This buffalo milked this buffalo from this shark.', '2019-03-08 00:20:28'),
(74, 72, 49, 'Did a buffalo near the blushing hatter bring a red village at a perspicacious tense librarian?', '2019-01-24 00:17:09'),
(75, 269, 49, 'String the perspicacious humdrum big hatter!', '2019-03-17 23:12:40'),
(76, 111, 59, 'This humdrum moon at a librarian threw the delectable dog near that sheep.', '2019-02-16 20:50:40'),
(77, 292, 50, 'That ball threw this low librarian under this robust tense city.', '2019-01-24 02:14:45'),
(78, 101, 3, 'Did this village under this earthy city gnash this cow?', '2019-03-11 17:49:15'),
(79, 23, 59, 'Did this perspicacious moon under that moon grease that wet buffalo in that delectable mellow rabbit?', '2019-02-28 03:34:24'),
(80, 221, 37, 'String the soft rabbit!', '2018-12-22 00:29:38'),
(81, 63, 41, 'Fetch that tense brainy debonair village from this shrubbery!', '2019-01-05 14:04:38'),
(82, 215, 9, 'That librarian grated the low robust finicky librarian above a brainy village.', '2019-03-02 09:42:06'),
(83, 78, 31, 'Launch that humdrum programmer!', '2019-01-14 01:08:47'),
(84, 185, 17, 'That sheep climbed a wet sharp sheep from this green humdrum robust sharp buffalo.', '2019-03-11 01:50:26'),
(85, 41, 42, 'Should that delectable dog near a buffalo gnash that soft perspicacious cow?', '2019-01-05 09:46:13'),
(86, 97, 46, 'Will that silly city above a mild-mannered cow eat this debonair silly city?', '2019-03-07 13:01:59'),
(87, 162, 56, 'Did a rabbit glue this hatter with the buffalo?', '2019-01-19 05:50:53'),
(88, 163, 31, 'Break a librarian!', '2019-03-07 00:23:29'),
(89, 300, 54, 'That skyscraper vivaciously threw a ball above this wet skyscraper.', '2019-01-17 08:18:25'),
(90, 184, 30, 'Should that village at that big cow grease that village?', '2019-01-02 22:09:23'),
(91, 70, 19, 'Break this ball from this sharp green mellow ball!', '2019-03-13 06:21:53'),
(92, 40, 11, 'Did the village glue a dog at a big skyscraper?', '2019-01-30 14:38:38'),
(93, 7, 17, 'The cute buffalo ran a rabbit in that robust skyscraper.', '2019-02-21 07:27:12'),
(94, 193, 16, 'Could a librarian at a doctor eat the ball with the expensive doctor?', '2019-01-15 20:22:37'),
(95, 294, 37, 'Launch the mellow tense sheep!', '2019-01-14 05:26:12'),
(96, 70, 45, 'This sharp sheep above the big buffalo threw a moon.', '2019-01-01 20:26:58'),
(97, 228, 2, 'Get this green tense village from that robust tense sharp perspicacious village!', '2019-02-20 07:24:15'),
(98, 120, 27, 'Get this moon!', '2019-02-22 01:30:33'),
(99, 213, 6, 'The librarian threw the moon.', '2019-01-10 10:05:50'),
(100, 62, 32, 'Fix a blushing dog!', '2018-12-29 18:14:58'),
(101, 224, 23, 'This sheep threw that dog.', '2019-03-13 04:04:56'),
(102, 109, 10, 'Did this librarian learn the rabbit?', '2019-03-09 01:09:54'),
(103, 227, 50, 'Pull a rabbit under the city!', '2019-02-11 09:58:32'),
(104, 191, 41, 'Fetch the blushing doctor from this expensive librarian!', '2019-02-18 19:10:38'),
(105, 89, 47, 'This brainy rabbit threw a big shrubbery from a buffalo.', '2019-02-26 02:58:40'),
(106, 82, 47, 'A hatter ran this cute buffalo.', '2019-03-15 10:03:05'),
(107, 49, 4, 'Launch the mild-mannered wet hatter!', '2019-01-29 01:59:09'),
(108, 204, 17, 'The skyscraper jumped that skyscraper.', '2019-01-14 14:19:15'),
(109, 247, 22, 'Could that doctor itch a tense village under the rabbit?', '2019-03-02 04:16:06'),
(110, 215, 2, 'String that wet programmer in that librarian!', '2018-12-28 22:03:24'),
(111, 142, 33, 'Squeeze the expensive finicky buffalo at that shrubbery!', '2019-02-12 18:06:44'),
(112, 271, 20, 'Should this shrubbery above this green rabbit glue the red low sharp silly soft rabbit?', '2019-01-06 08:33:52'),
(113, 125, 54, 'Could a moon in the ball belong a humdrum cow from the robust cow?', '2019-01-04 12:26:19'),
(114, 101, 10, 'Will a city bring that moon?', '2019-03-15 18:44:55'),
(115, 293, 40, 'This blushing doctor ate a village at a librarian.', '2019-01-17 16:10:22'),
(116, 89, 4, 'Could a brainy silly rabbit with the shark itch this shark with the rabbit?', '2019-03-08 04:33:46'),
(117, 206, 59, 'Will that buffalo at a mild-mannered big shark grease this ball in the finicky shark?', '2019-01-30 11:02:41'),
(118, 232, 5, 'Fix that tense humdrum doctor!', '2019-01-28 09:03:50'),
(119, 77, 2, 'The shrubbery near a shrubbery jumped the village with this low hatter.', '2019-02-18 06:41:11'),
(120, 43, 6, 'Will that shrubbery above the delectable shrubbery itch the dog under a buffalo?', '2019-02-26 06:18:18'),
(121, 188, 43, 'Fix a sheep near this blushing cow!', '2019-01-24 01:07:06'),
(122, 18, 37, 'This expensive shark deliberately ran the skyscraper in that soft hatter.', '2018-12-28 03:59:05'),
(123, 80, 61, 'The dog with a village ran this shark.', '2019-02-25 20:12:53'),
(124, 12, 6, 'Should this mellow big perspicacious moon grate that mild-mannered skyscraper at a expensive programmer?', '2019-03-06 21:14:38'),
(125, 93, 19, 'Break this silly city!', '2019-03-10 05:16:46'),
(126, 32, 40, 'The moon under that city grated the skyscraper above a low buffalo.', '2018-12-26 13:17:55'),
(127, 201, 47, 'Should that green shark grease a doctor in the village?', '2019-02-18 18:40:07'),
(128, 175, 19, 'This mellow wet ball grated the red programmer.', '2019-02-21 17:27:03'),
(129, 217, 27, 'Will that robust dog near that tense blushing soft dog bring this ball?', '2019-01-01 20:59:34'),
(130, 254, 59, 'Squeeze this blushing hatter!', '2019-02-24 23:11:24'),
(131, 132, 32, 'String that mellow sheep with that hatter!', '2019-01-10 19:28:10'),
(132, 156, 13, 'The buffalo at that shark threw that sheep.', '2019-01-16 10:58:37'),
(133, 262, 18, 'Will that shark from a sheep itch this humdrum cow under the city?', '2019-03-14 17:32:52'),
(134, 214, 40, 'That shrubbery jumped the hatter.', '2019-02-16 21:51:39'),
(135, 284, 34, 'String the village in a dog!', '2019-02-02 18:13:38'),
(136, 94, 59, 'This shark under that programmer grated that dog.', '2019-01-27 20:20:25'),
(137, 201, 43, 'String this low skyscraper!', '2019-02-27 23:00:27'),
(138, 107, 14, 'Fix the finicky expensive dog under the hatter!', '2018-12-29 16:50:55'),
(139, 204, 32, 'The doctor from the sheep grated this buffalo.', '2019-01-11 12:06:33'),
(140, 290, 53, 'Did a soft hatter grease that mellow shark?', '2019-02-06 05:31:09'),
(141, 225, 30, 'Will that low sheep under the green shrubbery learn a hatter near the cow?', '2019-02-17 06:19:13'),
(142, 105, 12, 'Fix the moon in that mild-mannered village!', '2019-03-07 00:14:20'),
(143, 117, 7, 'Should a brainy green rabbit above that ball bring this buffalo with the buffalo?', '2019-03-16 19:37:27'),
(144, 83, 31, 'That brainy silly red humdrum programmer in a humdrum blushing librarian climbed that ball from the moon.', '2018-12-29 00:38:57'),
(145, 279, 44, 'String this humdrum doctor!', '2019-01-20 14:07:16'),
(146, 275, 56, 'This buffalo shrilly milked a city.', '2019-01-10 08:54:37'),
(147, 118, 35, 'The moon threw a shrubbery from a ball.', '2019-02-07 07:12:22'),
(148, 114, 57, 'Break that buffalo from a finicky humdrum buffalo!', '2018-12-22 01:27:47'),
(149, 70, 19, 'Will that sheep bring a low cute brainy programmer?', '2018-12-24 05:35:18'),
(150, 214, 10, 'Fetch this dog!', '2019-02-10 03:32:09'),
(151, 284, 3, 'Squeeze that tense shrubbery!', '2019-03-16 23:37:29'),
(152, 91, 22, 'A buffalo with this rabbit ran the village at this finicky shrubbery.', '2019-02-15 09:01:40'),
(153, 55, 38, 'Will this red earthy hatter grate that city with that low soft shark?', '2019-02-06 15:24:20'),
(154, 22, 30, 'Should that doctor itch that expensive city?', '2018-12-30 14:33:18'),
(155, 218, 37, 'Fetch the sharp rabbit from that sharp buffalo!', '2019-02-13 01:28:56'),
(156, 170, 18, 'A shark at the moon grated the earthy big ball above that skyscraper.', '2019-02-22 11:32:45'),
(157, 200, 31, 'A buffalo grated the low hatter.', '2018-12-27 18:00:59'),
(158, 114, 11, 'That low ball in the red humdrum mellow delectable shrubbery mightily thought this shrubbery at a moon.', '2019-02-13 13:44:25'),
(159, 252, 57, 'A perspicacious moon at a soft programmer ate a moon from that doctor.', '2018-12-30 05:24:56'),
(160, 209, 42, 'Break the doctor!', '2019-01-04 11:15:45'),
(161, 289, 16, 'The cow milked a shrubbery near that programmer.', '2019-02-06 06:40:43'),
(162, 108, 49, 'A wet cow above a cow threw a rabbit.', '2019-02-07 17:44:48'),
(163, 201, 13, 'Should a sheep from that programmer milk that tense shrubbery with the sheep?', '2019-03-15 01:21:24'),
(164, 171, 41, 'Fetch that perspicacious low dog with that dog!', '2019-03-14 18:39:04'),
(165, 213, 33, 'The buffalo with this village jumped this rabbit with a city.', '2019-02-03 17:45:11'),
(166, 199, 14, 'Will a programmer under a shrubbery belong a shrubbery?', '2019-01-23 23:28:37'),
(167, 52, 23, 'The wet shark grated this programmer.', '2019-01-29 05:12:55'),
(168, 256, 42, 'String a perspicacious cute village!', '2019-01-05 13:44:34'),
(169, 96, 1, 'Should that doctor milk a hatter near that librarian?', '2019-02-11 23:13:51'),
(170, 71, 20, 'Squeeze the wet robust hatter!', '2019-02-26 13:47:30'),
(171, 283, 13, 'This skyscraper in a village jumped that moon.', '2018-12-22 12:54:41'),
(172, 174, 56, 'Could this sharp green doctor jump that ball?', '2019-02-09 15:24:03'),
(173, 171, 10, 'Should a rabbit under the dog glue a librarian?', '2019-01-02 10:55:15'),
(174, 256, 13, 'This wet dog in a sharp brainy rabbit climbed a debonair ball from that big blushing humdrum mellow skyscraper.', '2019-02-12 08:57:55'),
(175, 8, 13, 'That village threw that village under that shark.', '2019-02-02 02:34:04'),
(176, 147, 26, 'Did a village with that rabbit jump the shark in this hatter?', '2019-03-02 19:34:01'),
(177, 93, 6, 'The doctor reluctantly smugly milked this city.', '2019-02-24 10:00:10'),
(178, 91, 17, 'That programmer vivaciously ran the ball above the village.', '2018-12-29 15:56:35'),
(179, 60, 61, 'Get this moon under the city!', '2019-02-24 06:42:35'),
(180, 292, 47, 'That moon ate a shark at this cow.', '2019-02-26 14:51:07'),
(181, 225, 14, 'That brainy librarian gnashed a blushing shark in that librarian.', '2019-03-13 13:42:22'),
(182, 274, 60, 'That tense big mellow hatter unflinchingly milked this low moon in the big hatter.', '2018-12-26 00:03:56'),
(183, 241, 4, 'String that expensive finicky big brainy village!', '2019-03-13 03:38:07'),
(184, 277, 33, 'Should the skyscraper glue this sheep?', '2019-01-02 17:15:30'),
(185, 219, 36, 'Could that sheep under the debonair finicky doctor throw the programmer?', '2019-01-19 00:33:29'),
(186, 207, 56, 'Will a cow at this buffalo grate a city at this rabbit?', '2019-01-29 06:27:11'),
(187, 51, 24, 'The shrubbery near that librarian threw the robust brainy debonair skyscraper.', '2019-02-28 17:52:50'),
(188, 25, 7, 'Thread this doctor!', '2019-02-24 06:29:40'),
(189, 163, 27, 'Could a buffalo with this finicky expensive debonair green programmer grease the big cow at that ball?', '2019-02-08 00:12:16'),
(190, 35, 53, 'This humdrum sheep under a sheep ran that shrubbery from the doctor.', '2019-03-11 12:08:14'),
(191, 260, 58, 'Break a moon in that librarian!', '2019-01-20 13:30:13'),
(192, 149, 50, 'A dog anxiously ran this ball.', '2019-02-24 17:00:52'),
(193, 112, 46, 'Could this brainy shrubbery with a dog bring that cow near this cow?', '2019-01-23 07:28:06'),
(194, 35, 16, 'This brainy dog near this soft dog jumped that city with this delectable humdrum programmer.', '2019-01-13 12:34:03'),
(195, 21, 48, 'This dog swiftly thought the moon.', '2019-02-12 00:26:07'),
(196, 223, 7, 'A programmer threw a perspicacious dog above the humdrum buffalo.', '2019-03-08 16:25:28'),
(197, 98, 18, 'Should that red brainy big sharp expensive cow in that programmer eat that skyscraper at this buffalo?', '2019-03-11 16:19:18'),
(198, 260, 58, 'The village in this brainy sheep milked a moon.', '2019-03-16 09:59:12'),
(199, 68, 46, 'A debonair skyscraper in this buffalo threw the shrubbery near that mild-mannered earthy shrubbery.', '2019-02-01 07:47:53'),
(200, 87, 34, 'A buffalo grated the village under that shark.', '2019-03-02 03:37:32'),
(201, 202, 25, 'Get that perspicacious humdrum rabbit at this city!', '2019-02-27 06:29:54'),
(202, 181, 24, 'Did a buffalo under that perspicacious sheep milk that doctor?', '2018-12-22 02:10:58'),
(203, 54, 1, 'Squeeze that silly cow!', '2018-12-29 18:34:23'),
(204, 173, 60, 'A programmer in the humdrum hatter ran that ball.', '2019-01-16 03:28:33'),
(205, 7, 11, 'Did a dog under that mild-mannered wet dog jump the moon above a brainy dog?', '2018-12-25 15:03:44'),
(206, 68, 16, 'Did that doctor grate that low wet rabbit in this shark?', '2019-01-14 16:42:21'),
(207, 123, 7, 'That wet skyscraper from this cute red dog ate a wet librarian.', '2018-12-22 18:20:53'),
(208, 180, 52, 'Did this big red cow belong this hatter?', '2019-02-01 01:27:14'),
(209, 45, 22, 'That blushing red shrubbery vivaciously jumped the programmer in a buffalo.', '2019-01-17 05:26:13'),
(210, 64, 43, 'Did that soft hatter bring that programmer?', '2019-01-01 07:22:13'),
(211, 202, 8, 'Should the soft hatter itch a soft wet programmer?', '2019-01-10 10:48:49'),
(212, 223, 38, 'Fix a mild-mannered hatter!', '2019-02-28 20:11:22'),
(213, 25, 61, 'Fix that programmer!', '2018-12-24 14:42:58'),
(214, 200, 9, 'Did a brainy shrubbery with this programmer jump this librarian?', '2019-01-28 22:29:23'),
(215, 221, 58, 'Should a sheep at that blushing low city salivate the village?', '2019-03-19 14:02:21'),
(216, 202, 15, 'Did a low city under that skyscraper boil that debonair dog?', '2019-01-13 07:26:16'),
(217, 269, 2, 'Could a sharp programmer glue a tense sharp earthy ball from a robust moon?', '2019-01-31 13:39:56'),
(218, 233, 37, 'That mild-mannered ball with a shrubbery deliberately milked that red cute shrubbery.', '2019-03-11 05:16:37'),
(219, 26, 26, 'This wet librarian climbed that shark.', '2019-01-24 11:47:11'),
(220, 33, 26, 'This shark at this buffalo threw that expensive wet ball.', '2019-03-06 11:54:54'),
(221, 226, 2, 'Will that city milk the sheep at the cute perspicacious silly dog?', '2019-01-12 05:16:02'),
(222, 287, 45, 'Could this hatter grate a low mellow dog from the humdrum finicky sheep?', '2019-01-09 03:40:17'),
(223, 186, 11, 'Thread a programmer!', '2019-01-10 08:53:17'),
(224, 200, 49, 'Should that shrubbery throw a librarian?', '2019-03-11 13:15:53'),
(225, 251, 31, 'That programmer gnashed a shark.', '2019-03-18 08:03:07'),
(226, 263, 34, 'This hatter near a moon ran that tense skyscraper at this moon.', '2019-01-24 00:51:52'),
(227, 243, 2, 'Get the rabbit!', '2019-01-06 06:51:09'),
(228, 104, 34, 'A buffalo at this cow thought that silly robust soft blushing sharp city under this tense delectable dog.', '2019-02-04 09:28:17'),
(229, 220, 5, 'Will that ball with a shark milk this librarian?', '2019-01-01 08:39:39'),
(230, 140, 48, 'Did this doctor bring that brainy ball from that doctor?', '2019-01-13 21:22:45'),
(231, 285, 43, 'That city mightily ran this cute skyscraper.', '2019-02-14 10:23:49'),
(232, 164, 2, 'Should the big blushing ball with the rabbit glue this sharp cow above that city?', '2019-01-14 14:00:44'),
(233, 265, 9, 'Should a hatter eat this dog in this skyscraper?', '2019-03-02 11:04:08'),
(234, 144, 6, 'The librarian above a hatter thought a tense rabbit from the finicky librarian.', '2019-02-28 18:40:38'),
(235, 285, 7, 'Get that rabbit!', '2019-03-18 14:52:40'),
(236, 250, 59, 'This earthy brainy red buffalo shrilly climbed a soft village.', '2019-01-28 17:07:01'),
(237, 266, 2, 'The tense sheep from a city gnashed that skyscraper.', '2019-03-10 05:44:22'),
(238, 113, 38, 'Squeeze the humdrum mild-mannered dog near that expensive shrubbery!', '2019-02-23 11:08:45'),
(239, 74, 2, 'The hatter in this shark reluctantly jumped this wet doctor.', '2019-01-30 20:39:02'),
(240, 118, 25, 'That moon under a buffalo threw the sheep.', '2019-03-10 11:05:24'),
(241, 211, 13, 'Could the village learn this skyscraper above that programmer?', '2019-01-07 06:06:35'),
(242, 105, 13, 'Break this brainy city with this city!', '2019-01-25 08:29:11'),
(243, 86, 23, 'Should this shrubbery jump the librarian?', '2019-02-09 23:11:54'),
(244, 81, 13, 'String the rabbit!', '2019-02-07 00:26:37'),
(245, 264, 56, 'A librarian from this dog climbed this shark.', '2018-12-30 00:14:49'),
(246, 77, 43, 'That mild-mannered hatter jumped the cow above that buffalo.', '2019-03-04 18:39:34'),
(247, 113, 43, 'Fix that ball!', '2019-03-07 15:23:14'),
(248, 78, 61, 'Fix this low cow at the programmer!', '2019-02-28 11:24:30'),
(249, 71, 35, 'Should a mellow robust ball near the cow eat that programmer?', '2019-01-19 02:20:07'),
(250, 254, 47, 'Will the rabbit itch the big dog above the librarian?', '2018-12-29 14:27:42'),
(251, 162, 54, 'Fix a big wet robust blushing skyscraper!', '2019-03-18 14:11:49'),
(252, 206, 41, 'That sharp doctor selflessly threw the rabbit.', '2019-02-06 06:04:53'),
(253, 165, 54, 'That wet perspicacious hatter ate a expensive mild-mannered shrubbery.', '2018-12-31 17:59:11'),
(254, 189, 58, 'Get a skyscraper!', '2019-03-01 01:59:06'),
(255, 290, 28, 'A ball gnashed a doctor.', '2019-01-24 05:26:48'),
(256, 59, 3, 'Should that doctor under the blushing earthy village itch a cow with that debonair red librarian?', '2019-01-01 10:17:25'),
(257, 249, 32, 'The wet finicky shark threw that librarian.', '2018-12-23 20:06:05'),
(258, 192, 55, 'This blushing sheep at this red big village ran that ball.', '2019-02-04 17:09:34'),
(259, 199, 25, 'Could this debonair finicky big dog from a red sharp debonair tense sheep boil that green brainy cow near that ball?', '2019-02-22 18:13:18'),
(260, 232, 17, 'Did that shrubbery above the humdrum city eat this rabbit?', '2019-02-24 22:43:17'),
(261, 261, 17, 'Launch the librarian at a blushing cow!', '2018-12-25 03:56:12'),
(262, 300, 51, 'String this sheep in the humdrum cow!', '2019-03-18 07:01:39'),
(263, 31, 17, 'Could that cow in a sheep belong the city?', '2019-02-14 20:24:14'),
(264, 177, 12, 'A debonair big sharp cow from this sharp rabbit gnashed this ball.', '2018-12-25 19:39:40'),
(265, 217, 29, 'A big mellow hatter with a sheep reluctantly climbed this expensive village near a dog.', '2019-01-31 09:19:51'),
(266, 295, 7, 'Should the moon with that dog grease a buffalo from this skyscraper?', '2019-02-20 23:04:43'),
(267, 133, 59, 'Pull a hatter with the librarian!', '2019-03-12 21:45:31'),
(268, 221, 46, 'Did the city boil the finicky moon?', '2019-01-08 22:24:06'),
(269, 200, 29, 'This doctor in the hatter shrilly ran a dog in that mellow programmer.', '2019-02-15 02:41:26'),
(270, 51, 61, 'Will the sheep at that debonair skyscraper throw that city?', '2019-01-26 22:11:39'),
(271, 228, 5, 'Did this moon grease that dog?', '2019-03-13 20:09:58'),
(272, 188, 16, 'This librarian milked that buffalo in the moon.', '2019-03-12 06:45:37'),
(273, 216, 21, 'A mild-mannered soft village thought this dog above this earthy sharp big city.', '2019-02-24 11:00:12'),
(274, 89, 49, 'A earthy big mellow low tense mild-mannered blushing moon with the programmer threw the cow under this doctor.', '2019-02-26 09:33:06'),
(275, 269, 12, 'Fetch that librarian with this green sheep!', '2019-03-09 09:51:17'),
(276, 72, 18, 'Could this sheep above this green low sharp delectable blushing programmer glue the shark?', '2019-03-09 07:39:24'),
(277, 190, 31, 'Did that programmer grease that rabbit?', '2018-12-25 15:53:05'),
(278, 198, 45, 'This programmer gnashed that skyscraper.', '2019-02-21 02:05:16'),
(279, 256, 20, 'Did a cow milk this moon?', '2019-01-30 22:47:51'),
(280, 102, 22, 'Did the red moon above that expensive dog learn that doctor?', '2019-03-16 14:43:52'),
(281, 30, 32, 'Will a village in a rabbit grate the sheep under this sheep?', '2019-02-23 16:25:06'),
(282, 266, 30, 'A soft mild-mannered sheep milked that ball near that skyscraper.', '2019-03-14 19:30:21'),
(283, 292, 7, 'Could a city eat a skyscraper?', '2019-01-04 18:46:57'),
(284, 177, 27, 'The perspicacious wet city under the blushing rabbit climbed a finicky shark with a cute big shrubbery.', '2019-01-29 20:37:00'),
(285, 253, 4, 'Should a city in that brainy rabbit gnash the humdrum shark?', '2019-01-03 00:34:14'),
(286, 285, 46, 'That sheep under the librarian grated this expensive programmer with the librarian.', '2019-02-17 09:07:11'),
(287, 18, 47, 'Will the earthy ball near the librarian grease that buffalo?', '2019-01-20 17:48:58'),
(288, 64, 30, 'Fetch this buffalo above the soft doctor!', '2019-01-02 20:39:25'),
(289, 297, 9, 'A finicky sharp green shark oddly grated this cow.', '2019-01-22 22:03:37'),
(290, 201, 42, 'Will this dog above that green earthy doctor eat that city?', '2019-03-06 09:29:22'),
(291, 202, 41, 'Get that sheep near a doctor!', '2019-01-12 21:18:24'),
(292, 129, 46, 'Should a finicky cow under that village boil the buffalo?', '2019-02-23 16:41:29'),
(293, 215, 3, 'Could this sheep learn this robust tense cute shark?', '2019-03-15 09:13:28'),
(294, 110, 41, 'Will a robust village salivate a brainy humdrum low shrubbery?', '2019-03-19 18:37:26'),
(295, 1, 1, 'The sheep in a city gnashed a shark from that expensive cute big brainy rabbit.', '2019-03-02 03:35:26'),
(296, 239, 8, 'Get a wet earthy soft moon under a mellow red silly dog!', '2019-02-08 20:40:08'),
(297, 206, 58, 'That hatter at that earthy mild-mannered cow climbed that ball from this rabbit.', '2019-02-05 23:18:23'),
(298, 272, 56, 'Should this shrubbery in that shark throw this cow from that rabbit?', '2019-03-06 03:06:48'),
(299, 283, 27, 'This sheep ate a sheep.', '2019-02-17 10:39:42'),
(300, 299, 36, 'Could the city at the tense wet shrubbery boil a moon?', '2019-01-25 15:54:43'),
(301, 152, 56, 'The wet mild-mannered perspicacious doctor gnashed the buffalo.', '2019-01-25 22:31:21'),
(302, 63, 54, 'Could a mellow earthy sharp green hatter above that rabbit grate this finicky programmer above this moon?', '2019-01-18 09:47:45'),
(303, 241, 47, 'Should that librarian boil this cow?', '2019-03-04 22:53:41'),
(304, 82, 43, 'That robust skyscraper at this dog gnashed the blushing finicky wet mild-mannered shark.', '2019-01-10 11:43:45'),
(305, 37, 46, 'This rabbit in a shark thought this librarian.', '2018-12-21 14:10:43'),
(306, 10, 44, 'Squeeze a hatter with a doctor!', '2019-01-25 23:00:21'),
(307, 258, 15, 'Pull a dog!', '2019-03-18 05:22:57'),
(308, 264, 32, 'This brainy robust soft mild-mannered cow threw this buffalo.', '2019-03-14 19:09:28'),
(309, 75, 11, 'Could this shark from the buffalo glue this cute village?', '2019-01-09 03:54:07'),
(310, 98, 55, 'A dog thought the city above that moon.', '2019-02-06 04:12:20'),
(311, 209, 22, 'Did this shrubbery grate a programmer?', '2019-03-06 14:32:52'),
(312, 124, 9, 'Could this hatter near that buffalo gnash that expensive silly humdrum shark?', '2019-02-20 02:24:28'),
(313, 77, 48, 'Fetch that cow from the dog!', '2019-02-18 00:44:13'),
(314, 199, 18, 'Fetch this programmer!', '2019-02-22 15:47:32'),
(315, 218, 58, 'Fetch the rabbit!', '2019-02-27 01:29:31'),
(316, 5, 43, 'Should the programmer eat that dog under this blushing big village?', '2019-01-05 23:12:53'),
(317, 106, 19, 'That doctor under the wet shrubbery unflinchingly jumped a mellow brainy finicky village.', '2019-01-30 19:21:23'),
(318, 207, 48, 'Could a debonair city gnash that red humdrum doctor near that buffalo?', '2019-01-11 15:24:52'),
(319, 239, 13, 'Should this doctor itch a doctor?', '2019-02-04 10:32:49'),
(320, 215, 38, 'Could a red librarian throw this wet programmer at a moon?', '2018-12-27 22:30:45'),
(321, 294, 25, 'Will that sharp brainy tense buffalo grease that buffalo?', '2019-01-21 11:45:22'),
(322, 187, 41, 'Pull this brainy big cow!', '2019-02-14 14:29:38'),
(323, 129, 36, 'Should this brainy rabbit near the cow bring this city near that cow?', '2019-03-18 13:35:27'),
(324, 40, 27, 'That dog above this village thought the humdrum expensive sheep under this buffalo.', '2019-03-15 11:41:09'),
(325, 259, 38, 'Squeeze this shark!', '2019-01-26 11:43:08'),
(326, 129, 59, 'String a programmer above this humdrum sheep!', '2019-01-13 06:35:10'),
(327, 82, 34, 'A debonair librarian with a cow climbed the cow under that shark.', '2019-03-11 07:52:30'),
(328, 175, 53, 'Could this hatter from that hatter throw that sharp village?', '2019-01-09 09:08:41'),
(329, 271, 43, 'Could a city milk a mellow city?', '2019-02-15 17:25:31'),
(330, 21, 16, 'Will that finicky robust sheep with that blushing mellow earthy mild-mannered shark grate that brainy green doctor near that buffalo?', '2019-02-04 11:16:17'),
(331, 272, 52, 'Break that shrubbery!', '2019-02-10 02:53:46'),
(332, 76, 16, 'Could that sheep belong this rabbit?', '2019-01-10 13:05:30'),
(333, 290, 13, 'String the ball!', '2019-01-27 09:11:29'),
(334, 266, 13, 'Squeeze this buffalo!', '2019-01-13 07:19:24'),
(335, 56, 10, 'Launch a sharp dog!', '2019-03-19 13:46:13'),
(336, 159, 11, 'Should the expensive cute librarian boil the programmer at the dog?', '2019-02-15 03:45:59'),
(337, 93, 12, 'Squeeze this cow from the cute ball!', '2019-03-20 11:43:46'),
(338, 84, 52, 'This buffalo above that moon vivaciously climbed that shrubbery.', '2019-03-12 04:38:52'),
(339, 247, 61, 'Will this hatter above the ball glue the mild-mannered robust tense soft sheep?', '2019-02-17 18:19:57'),
(340, 117, 26, 'Launch that shrubbery from the expensive perspicacious rabbit!', '2019-02-20 09:57:40'),
(341, 14, 3, 'This brainy silly village in this cow threw that humdrum librarian under a moon.', '2019-03-18 23:10:01'),
(342, 260, 21, 'Will that shark from the debonair programmer milk that debonair big village near a ball?', '2018-12-27 19:17:39'),
(343, 39, 52, 'Pull that ball from this shark!', '2019-02-22 21:24:29'),
(344, 53, 47, 'Could a sheep eat that green red tense expensive buffalo?', '2019-02-16 11:57:57'),
(345, 99, 28, 'Pull the expensive dog under this low city!', '2019-03-02 00:21:49'),
(346, 235, 13, 'Will a dog glue that perspicacious cute moon from this expensive humdrum city?', '2018-12-26 09:25:01'),
(347, 205, 21, 'String that librarian!', '2018-12-21 21:14:20'),
(348, 104, 20, 'Launch this perspicacious blushing big sheep in that robust finicky shark!', '2019-01-02 22:46:34'),
(349, 153, 14, 'That brainy red robust low city jumped that moon.', '2019-03-05 08:11:36'),
(350, 162, 33, 'A cow with this hatter lazily gnashed the librarian.', '2018-12-29 20:13:35'),
(351, 32, 11, 'That low ball under a debonair doctor anxiously gnashed this shrubbery.', '2019-01-16 13:40:06'),
(352, 102, 1, 'Could a doctor grate a dog?', '2019-03-17 10:09:04'),
(353, 181, 11, 'The rabbit in that moon gnashed the perspicacious programmer.', '2019-02-21 12:41:40'),
(354, 61, 58, 'Break the low dog with this rabbit!', '2019-03-02 08:22:09'),
(355, 256, 16, 'Did this hatter learn a rabbit with that shark?', '2019-01-17 16:23:00'),
(356, 214, 61, 'Break a hatter in the programmer!', '2019-02-16 05:08:33'),
(357, 70, 32, 'Fix that finicky cow!', '2019-03-19 12:42:02'),
(358, 9, 1, 'Pull a rabbit!', '2019-03-02 08:53:57'),
(359, 252, 34, 'Fix this dog!', '2019-01-26 20:31:23'),
(360, 194, 42, 'Fix this expensive perspicacious mild-mannered hatter from a finicky buffalo!', '2019-03-19 14:19:01'),
(361, 78, 52, 'Squeeze this buffalo near this silly rabbit!', '2019-02-01 02:12:30'),
(362, 149, 23, 'Should that city grease the big moon with a programmer?', '2019-01-26 03:09:21'),
(363, 41, 37, 'Fix a delectable green village near the cute dog!', '2019-01-22 16:02:41'),
(364, 155, 56, 'Did a librarian jump that robust dog?', '2019-03-19 09:09:29'),
(365, 141, 38, 'A dog milked this moon.', '2019-01-31 00:13:22'),
(366, 2, 27, 'Did a rabbit glue this programmer above that debonair brainy expensive wet delectable hatter?', '2019-03-09 13:17:03'),
(367, 177, 13, 'A village above that red mild-mannered soft shark unflinchingly grated this sheep.', '2019-03-20 08:02:06'),
(368, 147, 15, 'Squeeze a moon!', '2019-01-24 19:06:41'),
(369, 93, 11, 'Pull the skyscraper!', '2019-03-18 11:28:40'),
(370, 184, 30, 'Should a ball near this wet hatter bring the village?', '2019-03-19 18:09:02'),
(371, 182, 6, 'That expensive mild-mannered rabbit in that low earthy cute city threw this village with the humdrum tense mellow skyscraper.', '2019-01-15 12:10:53'),
(372, 168, 40, 'Get a shark!', '2019-03-02 23:44:19'),
(373, 251, 9, 'Should that soft shrubbery grease that delectable shrubbery?', '2019-01-10 08:06:24'),
(374, 184, 32, 'The skyscraper mightily jumped this ball.', '2019-03-17 11:28:37'),
(375, 60, 56, 'The sheep above that sharp tense brainy doctor thought the dog.', '2019-02-25 00:00:15'),
(376, 105, 59, 'Thread a hatter near that robust skyscraper!', '2019-02-17 13:13:02'),
(377, 70, 5, 'Will the shrubbery gnash that expensive green delectable shrubbery in this blushing cow?', '2018-12-24 08:08:04'),
(378, 107, 6, 'That moon ran this moon.', '2019-01-08 14:34:15'),
(379, 218, 61, 'Did that rabbit eat that cute finicky blushing shark?', '2019-02-08 22:59:52'),
(380, 1, 15, 'Get that tense delectable low skyscraper!', '2019-01-23 22:46:25'),
(381, 276, 36, 'This shrubbery near this ball ran a doctor with the doctor.', '2019-02-20 19:45:52'),
(382, 175, 40, 'Squeeze a moon at the green cow!', '2019-02-27 02:07:40'),
(383, 63, 22, 'Fix that city!', '2019-01-05 10:51:15'),
(384, 270, 60, 'Did a sheep grate that doctor?', '2019-01-16 19:24:44'),
(385, 262, 2, 'Should a shark with that delectable big sharp rabbit grease that rabbit from the low shrubbery?', '2019-03-07 05:29:23'),
(386, 189, 24, 'That finicky city ate this debonair programmer.', '2019-02-06 20:10:41'),
(387, 265, 22, 'Thread a finicky dog!', '2018-12-25 13:02:18'),
(388, 269, 34, 'Launch a programmer!', '2019-01-02 14:19:09'),
(389, 282, 54, 'That city swiftly climbed the skyscraper.', '2019-01-30 12:34:42'),
(390, 77, 58, 'Pull that finicky hatter under that village!', '2019-01-01 02:31:24'),
(391, 300, 7, 'The librarian thought that tense programmer.', '2019-02-25 04:10:55'),
(392, 149, 36, 'Should a buffalo with the programmer glue this doctor?', '2018-12-25 00:48:34'),
(393, 152, 34, 'Should the sharp shark eat a ball?', '2019-01-28 09:20:05'),
(394, 272, 7, 'String this cute big programmer!', '2018-12-21 23:25:04'),
(395, 266, 18, 'Should that perspicacious blushing shrubbery under a shark grease a mild-mannered low sharp blushing librarian?', '2019-01-08 13:54:03'),
(396, 231, 2, 'Did a librarian at this silly programmer learn that expensive delectable hatter under this expensive earthy dog?', '2019-01-30 06:07:57'),
(397, 282, 12, 'A green blushing doctor at a humdrum debonair skyscraper grated a big green rabbit.', '2019-03-13 12:55:29'),
(398, 70, 30, 'Get the red cow near a cute green shark!', '2019-01-22 03:59:42'),
(399, 291, 48, 'The robust dog jumped that mild-mannered librarian.', '2019-02-24 20:22:47'),
(400, 123, 37, 'The expensive humdrum shark shrilly threw this sharp mellow shrubbery.', '2019-03-08 21:37:31'),
(401, 126, 1, 'Pull this skyscraper near this rabbit!', '2019-01-26 05:26:04'),
(402, 199, 26, 'A skyscraper ran that programmer at a expensive sharp village.', '2019-02-24 10:01:26'),
(403, 212, 15, 'Should a hatter jump a soft shark?', '2019-01-02 10:09:45'),
(404, 266, 52, 'Launch the rabbit!', '2019-03-15 16:05:58'),
(405, 74, 9, 'Could that village bring a sheep under this rabbit?', '2019-01-18 20:10:48'),
(406, 26, 61, 'This humdrum hatter climbed the skyscraper.', '2019-03-08 23:42:12'),
(407, 149, 24, 'A shark jumped this sharp dog.', '2019-01-22 00:15:10'),
(408, 259, 10, 'Launch a red dog!', '2019-02-11 08:52:50'),
(409, 42, 45, 'This doctor in the cow gnashed the doctor.', '2019-02-15 08:16:59'),
(410, 135, 46, 'Fix a wet city!', '2019-01-28 21:15:08'),
(411, 171, 12, 'Pull the hatter in this city!', '2019-01-03 07:59:52'),
(412, 192, 60, 'Should that cute dog gnash this silly brainy skyscraper at that red big hatter?', '2019-02-12 17:52:40'),
(413, 54, 14, 'Could that ball bring a sharp low mild-mannered buffalo above a dog?', '2019-03-16 04:36:59'),
(414, 171, 2, 'Fix this sheep!', '2019-01-24 22:51:46'),
(415, 185, 32, 'The sharp low rabbit ate a doctor.', '2019-01-24 10:56:33'),
(416, 156, 38, 'Did the dog throw this earthy perspicacious hatter near this village?', '2019-03-15 19:12:00'),
(417, 236, 5, 'Pull the dog with this finicky village!', '2019-02-06 16:11:08'),
(418, 168, 51, 'The robust blushing librarian gnashed this sharp brainy programmer near a mellow village.', '2018-12-24 20:20:55'),
(419, 250, 10, 'Will that wet ball under that robust buffalo gnash that mellow wet mild-mannered sheep at the blushing ball?', '2019-02-21 05:37:52'),
(420, 33, 49, 'Squeeze that village!', '2019-02-27 15:25:20'),
(421, 287, 53, 'Should a cow jump the sheep?', '2019-03-10 08:22:33'),
(422, 157, 27, 'That programmer mightily milked a cute wet cow.', '2019-01-08 15:32:21'),
(423, 156, 46, 'Fetch that mellow humdrum sheep!', '2019-03-08 10:13:43'),
(424, 154, 13, 'That mellow cow in that big red robust ball jumped a cow.', '2019-01-21 04:08:59'),
(425, 216, 8, 'Will this hatter from this mellow doctor belong a tense shrubbery under a skyscraper?', '2019-03-01 01:27:44'),
(426, 56, 49, 'Thread the librarian!', '2019-01-09 09:34:11'),
(427, 123, 20, 'Squeeze a blushing ball above a ball!', '2019-03-02 05:25:36'),
(428, 22, 10, 'Pull that city in this shrubbery!', '2019-01-16 00:02:23'),
(429, 156, 49, 'Will the sheep with that sheep belong a silly mellow shark?', '2019-02-19 03:04:24'),
(430, 149, 17, 'This brainy blushing humdrum rabbit threw a programmer.', '2019-01-24 14:43:20'),
(431, 33, 41, 'Should a green ball at this sharp rabbit itch the sharp silly skyscraper in this humdrum doctor?', '2019-01-29 09:15:48'),
(432, 38, 57, 'Did the shrubbery above that dog salivate the rabbit?', '2019-02-26 03:03:28'),
(433, 106, 27, 'Fetch the shrubbery from the hatter!', '2019-03-13 14:56:50'),
(434, 190, 3, 'Fetch that moon from that dog!', '2019-03-14 04:36:43'),
(435, 3, 24, 'Fix that librarian above that red sheep!', '2019-02-06 13:42:58'),
(436, 214, 12, 'That debonair cow under a skyscraper thought a city in the shrubbery.', '2018-12-22 07:32:14'),
(437, 278, 4, 'A debonair village thought that rabbit near this brainy buffalo.', '2019-01-06 09:31:29'),
(438, 148, 43, 'The rabbit ate that moon in that mellow soft rabbit.', '2019-01-16 03:42:13'),
(439, 38, 57, 'The cow anxiously thought that buffalo under this skyscraper.', '2019-02-03 13:38:26'),
(440, 149, 27, 'Did a brainy expensive rabbit with that cow throw that village in this silly ball?', '2019-02-08 17:31:12'),
(441, 294, 12, 'That city under that dog grated this programmer.', '2019-01-07 06:08:25'),
(442, 65, 46, 'Thread this doctor!', '2018-12-28 00:08:09'),
(443, 203, 22, 'Did that hatter near a programmer itch the programmer above a programmer?', '2019-01-06 18:10:24'),
(444, 277, 60, 'Fix this skyscraper in the sheep!', '2018-12-31 15:36:11'),
(445, 14, 8, 'This sharp debonair ball ran a expensive doctor.', '2019-03-05 19:46:59'),
(446, 169, 22, 'Will that low skyscraper bring this moon?', '2019-03-02 09:08:25'),
(447, 162, 58, 'Could the programmer from that mild-mannered sheep jump this blushing ball from this moon?', '2018-12-22 20:12:21'),
(448, 54, 14, 'This expensive village above the debonair hatter gnashed a sheep from this earthy sharp cow.', '2019-01-03 07:26:07'),
(449, 164, 25, 'Should this red soft rabbit jump that earthy doctor?', '2019-01-09 12:26:33'),
(450, 293, 44, 'This doctor in this skyscraper ate the skyscraper.', '2019-01-03 19:09:02'),
(451, 275, 16, 'Get this earthy dog!', '2019-03-12 00:17:13'),
(452, 117, 16, 'Could that shark belong the doctor above that shrubbery?', '2019-03-01 09:45:22'),
(453, 73, 52, 'Could a doctor eat this rabbit?', '2019-03-04 17:22:18'),
(454, 86, 22, 'Thread this low robust perspicacious debonair hatter with this brainy moon!', '2019-01-05 22:14:20'),
(455, 229, 7, 'Squeeze a red village!', '2018-12-25 21:46:10'),
(456, 93, 5, 'Did that skyscraper itch the green sharp shrubbery?', '2019-01-19 19:47:09'),
(457, 207, 58, 'Could a low programmer boil this perspicacious delectable rabbit?', '2019-03-13 14:30:56'),
(458, 35, 61, 'Will a robust humdrum tense silly perspicacious shark jump a red shark?', '2018-12-30 19:26:59'),
(459, 45, 5, 'String a mellow tense finicky cow from a soft buffalo!', '2019-02-05 09:18:57'),
(460, 155, 31, 'That buffalo ran this debonair doctor.', '2019-03-09 10:49:29'),
(461, 85, 24, 'A shark from that shark ran that moon.', '2018-12-24 01:50:03'),
(462, 253, 15, 'Did a programmer at that rabbit milk the sharp red programmer?', '2019-02-23 10:35:58'),
(463, 92, 49, 'Will this mild-mannered mellow ball salivate this cow under the cute moon?', '2019-03-07 05:22:19'),
(464, 282, 57, 'The rabbit threw a programmer with a moon.', '2019-01-29 18:13:53'),
(465, 52, 22, 'Should that village itch that cow?', '2019-03-07 19:05:13'),
(466, 2, 57, 'This cow from that doctor climbed that city above the silly mild-mannered earthy moon.', '2019-01-06 18:09:52'),
(467, 258, 52, 'Fetch this rabbit!', '2019-03-14 21:52:09'),
(468, 233, 39, 'String a cow in a blushing debonair low buffalo!', '2019-02-16 13:20:41'),
(469, 108, 41, 'Should this finicky sheep with this ball throw a shark?', '2019-01-12 23:53:28'),
(470, 194, 49, 'That cow climbed the perspicacious big village.', '2019-01-10 06:58:52'),
(471, 229, 11, 'That sheep climbed a rabbit above this city.', '2019-03-05 08:49:01'),
(472, 56, 8, 'A dog ate this dog.', '2019-01-16 22:45:17'),
(473, 144, 28, 'Get this buffalo!', '2019-03-18 03:46:16'),
(474, 71, 38, 'Should this red dog belong a village?', '2018-12-27 04:15:54'),
(475, 217, 8, 'The rabbit with this sheep grated a city.', '2018-12-26 15:23:08'),
(476, 195, 54, 'That finicky silly cow with this moon grated that cow above this doctor.', '2019-01-07 08:13:48'),
(477, 103, 37, 'A cow in this city ate this mellow debonair city.', '2019-01-06 06:47:29'),
(478, 261, 31, 'That mellow tense cow lazily shrilly mightily swiftly thought the earthy buffalo.', '2019-03-18 10:58:41'),
(479, 18, 55, 'Pull that tense perspicacious programmer with the programmer!', '2019-01-02 20:31:20'),
(480, 133, 48, 'That programmer with the shrubbery mightily climbed the librarian.', '2018-12-29 06:53:31'),
(481, 91, 35, 'Should a skyscraper throw the skyscraper?', '2019-01-22 21:55:31'),
(482, 149, 59, 'Did this village above a skyscraper milk a buffalo?', '2019-03-08 08:50:55'),
(483, 292, 22, 'String this moon in that hatter!', '2019-03-18 03:37:16'),
(484, 244, 18, 'String that robust rabbit with that city!', '2019-01-02 20:16:46'),
(485, 115, 25, 'That cute mellow low brainy city near this shark threw that finicky green ball.', '2019-01-30 00:14:43'),
(486, 99, 38, 'Should the rabbit grease the earthy dog?', '2019-03-03 06:12:46'),
(487, 14, 11, 'This rabbit at the doctor jumped the wet hatter.', '2019-01-12 11:46:29'),
(488, 297, 56, 'Fetch that hatter under that ball!', '2018-12-28 06:29:43'),
(489, 13, 7, 'Launch a village from that village!', '2019-01-08 09:49:37'),
(490, 299, 41, 'Did this earthy blushing wet shrubbery glue the programmer in a skyscraper?', '2019-03-06 12:35:25'),
(491, 142, 49, 'Could a cow in that doctor itch the shrubbery under this hatter?', '2019-03-17 17:48:49'),
(492, 50, 14, 'Could that earthy sharp delectable red ball grease the programmer?', '2019-02-01 08:20:16'),
(493, 75, 52, 'The doctor gnashed that shrubbery under that city.', '2019-02-03 12:00:48'),
(494, 54, 58, 'Get a librarian!', '2018-12-24 08:05:58'),
(495, 110, 33, 'Will the sharp silly green village bring a ball?', '2019-01-13 13:41:18'),
(496, 222, 35, 'This doctor milked this programmer at a mellow green silly perspicacious ball.', '2019-03-03 01:47:56'),
(497, 76, 34, 'Squeeze a sheep from that humdrum sheep!', '2019-02-15 14:45:51'),
(498, 66, 22, 'This tense moon jumped that expensive dog.', '2019-03-10 22:34:09'),
(499, 46, 22, 'Should this robust dog at this delectable doctor milk a buffalo above a moon?', '2019-02-15 01:07:22'),
(500, 299, 47, 'Did a buffalo boil that sheep near that blushing shark?', '2018-12-25 23:55:35'),
(501, 99, 48, 'Did that librarian salivate that skyscraper from a shrubbery?', '2019-01-31 10:42:55'),
(502, 27, 11, 'Did this rabbit above the doctor milk this skyscraper near a rabbit?', '2019-01-11 09:02:54'),
(503, 38, 32, 'Launch a skyscraper under the tense moon!', '2019-01-11 14:57:55'),
(504, 44, 52, 'This dog above the debonair perspicacious humdrum ball anxiously ate the programmer.', '2019-02-11 01:48:46'),
(505, 240, 52, 'That hatter under a sheep climbed that sharp ball above that cow.', '2019-02-10 06:29:57'),
(506, 154, 21, 'String that expensive programmer near a perspicacious sheep!', '2019-03-07 21:52:38'),
(507, 139, 27, 'Thread that mellow programmer at the perspicacious delectable humdrum librarian!', '2019-01-24 21:38:49'),
(508, 151, 44, 'Did a expensive robust humdrum doctor near that earthy humdrum doctor grease the earthy soft librarian near that shark?', '2019-02-02 17:06:03'),
(509, 124, 40, 'Did this big moon from that low doctor throw a moon?', '2019-03-09 06:48:50'),
(510, 46, 28, 'Could a red brainy humdrum city milk the robust moon?', '2019-01-14 01:58:31'),
(511, 265, 58, 'Did the wet green moon in the city milk that red humdrum librarian?', '2019-01-22 22:33:50'),
(512, 207, 3, 'Fetch a ball!', '2018-12-31 19:07:45'),
(513, 269, 18, 'That sheep from this big green humdrum rabbit milked a buffalo.', '2019-02-28 05:50:50'),
(514, 200, 59, 'Will that tense doctor eat a doctor from that rabbit?', '2019-01-26 00:20:10'),
(515, 144, 36, 'Launch this rabbit at this red city!', '2018-12-23 11:47:24'),
(516, 224, 21, 'Could a moon gnash this rabbit above this ball?', '2019-03-01 16:46:02'),
(517, 251, 52, 'That shark thought this earthy village.', '2019-02-03 23:01:55'),
(518, 14, 27, 'Fetch a wet dog!', '2019-03-07 20:47:25'),
(519, 281, 55, 'Could the rabbit learn this big low shrubbery?', '2018-12-24 10:56:40'),
(520, 289, 41, 'Should a finicky shark belong the cow?', '2019-01-25 18:31:50'),
(521, 41, 27, 'Thread this hatter above a humdrum hatter!', '2019-01-26 12:32:39'),
(522, 204, 57, 'Will this earthy city grate that shark with this moon?', '2019-02-13 07:13:14'),
(523, 84, 31, 'Fetch the cute delectable programmer from that moon!', '2019-02-24 11:48:24'),
(524, 130, 2, 'Will a village throw that rabbit from that big village?', '2019-02-17 10:15:08'),
(525, 174, 13, 'Break the expensive shark in a dog!', '2019-01-11 06:01:56'),
(526, 300, 14, 'Did a rabbit bring that humdrum doctor at that cow?', '2019-02-18 22:03:53'),
(527, 70, 1, 'Launch the expensive dog!', '2019-03-15 11:05:42'),
(528, 189, 49, 'Will a programmer glue this robust mellow expensive soft programmer?', '2019-02-24 00:14:40'),
(529, 187, 34, 'Squeeze the low shrubbery!', '2019-02-11 07:09:32'),
(530, 97, 32, 'A cow near this robust librarian milked this ball above this cow.', '2019-01-25 17:03:10'),
(531, 202, 55, 'Fix that moon!', '2019-02-17 18:13:56'),
(532, 231, 32, 'Will that ball bring this rabbit?', '2019-01-06 22:26:19'),
(533, 36, 18, 'Could this shark throw a low doctor?', '2019-01-04 23:03:37'),
(534, 263, 58, 'Get a programmer!', '2019-02-27 17:54:40'),
(535, 3, 23, 'The buffalo under a librarian milked this city with a hatter.', '2019-01-31 21:43:05'),
(536, 5, 37, 'That moon above a hatter climbed this village near this silly moon.', '2019-03-17 21:12:03'),
(537, 101, 49, 'The rabbit with a rabbit threw the moon at this buffalo.', '2019-03-16 23:21:40'),
(538, 233, 44, 'That sheep above the silly shrubbery milked a city near that tense moon.', '2019-01-11 06:05:02'),
(539, 4, 39, 'That earthy big cute doctor threw the cow under that cow.', '2019-01-23 20:36:44'),
(540, 132, 35, 'Did that skyscraper from this village learn the delectable shrubbery at that rabbit?', '2019-03-04 20:33:35'),
(541, 299, 44, 'Will a ball bring that buffalo?', '2019-01-04 20:52:11'),
(542, 230, 7, 'Thread this shrubbery from that cute sharp skyscraper!', '2019-01-22 03:09:05');
INSERT INTO `comment` (`idComment`, `idPost`, `idUser`, `text`, `dateComment`) VALUES
(543, 155, 29, 'Could the doctor glue that rabbit?', '2019-01-28 00:09:36'),
(544, 235, 31, 'Could that expensive soft brainy rabbit gnash the city at a sheep?', '2019-01-30 04:09:21'),
(545, 140, 35, 'Could the city under the hatter itch a dog?', '2019-02-10 02:20:47'),
(546, 252, 14, 'A blushing mild-mannered doctor jumped a green moon under the low doctor.', '2019-03-14 13:58:31'),
(547, 235, 14, 'Will a sheep jump the finicky skyscraper above the moon?', '2019-02-20 06:30:25'),
(548, 203, 22, 'Could a librarian near the shrubbery salivate a shrubbery?', '2019-02-15 10:50:36'),
(549, 56, 46, 'The shrubbery climbed that rabbit.', '2019-03-03 07:06:17'),
(550, 268, 36, 'That low shrubbery thought that moon.', '2019-02-14 01:03:42'),
(551, 140, 38, 'Fetch the expensive moon at the rabbit!', '2019-02-17 06:34:34'),
(552, 76, 31, 'Squeeze that moon near this big perspicacious moon!', '2019-02-08 11:04:17'),
(553, 167, 58, 'Should that moon bring that cute city?', '2018-12-25 19:39:18'),
(554, 184, 59, 'That shark ran a finicky mild-mannered cute buffalo with that skyscraper.', '2019-01-08 19:36:44'),
(555, 153, 24, 'Launch that hatter near the blushing wet doctor!', '2019-03-17 08:58:09'),
(556, 201, 56, 'Did a cow eat this perspicacious hatter?', '2019-01-02 14:51:40'),
(557, 143, 51, 'String this sharp tense cow near this green mellow city!', '2019-03-08 03:55:45'),
(558, 40, 21, 'That librarian with the librarian thought the big skyscraper.', '2019-03-16 16:59:48'),
(559, 144, 40, 'Did that silly city itch that mild-mannered hatter?', '2019-01-27 23:59:53'),
(560, 129, 59, 'This robust tense shark thought this librarian.', '2019-02-18 00:41:27'),
(561, 57, 20, 'Will a dog eat the ball under that city?', '2019-02-02 11:02:11'),
(562, 38, 34, 'Squeeze that green big debonair village at the cow!', '2019-01-16 08:23:37'),
(563, 104, 60, 'This silly doctor unflinchingly thought that sharp shrubbery with that soft sharp blushing mellow dog.', '2019-02-24 09:27:36'),
(564, 66, 26, 'String that ball from that debonair doctor!', '2019-01-24 02:14:49'),
(565, 1, 40, 'Could a city grease this programmer above the buffalo?', '2019-02-07 21:29:24'),
(566, 41, 27, 'Could that sheep in a shark salivate a city?', '2018-12-30 05:44:28'),
(567, 283, 49, 'That mild-mannered delectable shrubbery climbed that programmer.', '2019-03-18 20:25:06'),
(568, 13, 9, 'Pull the hatter under the debonair librarian!', '2019-01-02 17:27:37'),
(569, 112, 31, 'This village grated a blushing expensive sharp programmer.', '2019-01-25 15:45:50'),
(570, 215, 6, 'Get the librarian above the expensive robust shark!', '2018-12-24 22:11:23'),
(571, 49, 35, 'A ball climbed a cow.', '2019-02-12 23:52:33'),
(572, 211, 16, 'String that sharp mild-mannered doctor under this hatter!', '2019-01-01 10:54:40'),
(573, 264, 50, 'This sharp sheep from this hatter thought this ball near the mild-mannered ball.', '2019-03-13 17:22:32'),
(574, 57, 53, 'Will a moon eat this robust soft humdrum city?', '2019-01-03 00:45:07'),
(575, 46, 46, 'Did the shrubbery under this moon jump the blushing shrubbery?', '2019-03-18 13:13:43'),
(576, 264, 38, 'Fix the librarian with a sharp village!', '2019-02-06 05:40:33'),
(577, 195, 43, 'Thread that hatter!', '2019-01-25 09:19:41'),
(578, 125, 5, 'A soft city reluctantly gnashed this green expensive tense shark.', '2019-01-16 01:25:14'),
(579, 286, 25, 'Launch the shrubbery!', '2018-12-22 09:13:26'),
(580, 104, 47, 'Did a mellow city eat the city with that delectable hatter?', '2019-02-19 10:16:35'),
(581, 265, 28, 'Squeeze that finicky mild-mannered shark!', '2019-03-12 09:54:17'),
(582, 88, 9, 'This big wet rabbit from the green perspicacious hatter threw the buffalo.', '2018-12-25 15:31:26'),
(583, 36, 17, 'Should this tense moon near this programmer bring the sheep near that dog?', '2019-03-05 22:58:37'),
(584, 124, 29, 'This librarian under that skyscraper ate a ball under that rabbit.', '2019-01-08 02:57:22'),
(585, 70, 32, 'Could that soft skyscraper at a dog glue a dog from the librarian?', '2019-01-30 14:52:32'),
(586, 27, 20, 'Get the moon at the sheep!', '2019-02-18 05:58:03'),
(587, 231, 1, 'That wet green cow in this shrubbery milked that mild-mannered city.', '2018-12-29 06:03:03'),
(588, 153, 56, 'Pull a red blushing rabbit!', '2019-01-19 02:28:26'),
(589, 19, 24, 'Should this skyscraper under the cow gnash this hatter?', '2018-12-26 17:51:51'),
(590, 267, 56, 'Could the doctor throw that moon from that librarian?', '2019-02-14 00:46:27'),
(591, 246, 49, 'Could that shrubbery grate this skyscraper near this cute shark?', '2019-03-12 06:53:47'),
(592, 139, 45, 'Could the finicky buffalo gnash the silly green doctor with that debonair skyscraper?', '2019-03-08 12:11:41'),
(593, 248, 32, 'The librarian ate a sharp dog.', '2019-01-11 09:28:00'),
(594, 183, 9, 'Get this wet perspicacious mild-mannered ball!', '2019-01-29 18:23:41'),
(595, 254, 43, 'Fix this programmer under the cow!', '2019-02-20 09:54:50'),
(596, 221, 36, 'This buffalo under the ball lazily gnashed that sharp village under this green sheep.', '2019-02-02 14:57:36'),
(597, 232, 39, 'Get a doctor at the librarian!', '2019-01-28 20:35:04'),
(598, 95, 57, 'Will a perspicacious village glue that big village?', '2019-02-12 16:45:05'),
(599, 264, 47, 'The buffalo ate a big moon at the soft robust moon.', '2019-01-31 04:22:29'),
(600, 81, 29, 'Break a skyscraper!', '2019-03-16 06:32:30'),
(601, 217, 59, 'Will a city at this shark learn that blushing dog?', '2019-03-20 10:55:55'),
(602, 119, 41, 'Fix this cute shark!', '2019-03-18 00:46:13'),
(603, 281, 2, 'This city from the librarian unflinchingly shrilly threw that ball at a city.', '2018-12-21 23:03:36'),
(604, 68, 11, 'Fetch this sheep near this hatter!', '2019-02-16 21:03:10'),
(605, 243, 47, 'Launch that hatter!', '2019-02-23 15:56:55'),
(606, 250, 47, 'That earthy green moon jumped this rabbit near a shark.', '2019-01-13 19:43:43'),
(607, 220, 3, 'Get this librarian with this cow!', '2019-03-18 04:31:16'),
(608, 289, 42, 'This blushing shrubbery from a librarian grated that ball at a sheep.', '2019-01-16 22:14:37'),
(609, 279, 58, 'Should this buffalo at the skyscraper salivate a dog?', '2019-03-14 11:20:09'),
(610, 67, 60, 'Should this sheep above that wet city gnash this tense delectable dog?', '2019-01-10 22:49:41'),
(611, 196, 7, 'Could a sheep from a buffalo boil a earthy shark near the buffalo?', '2019-03-04 19:14:51'),
(612, 75, 1, 'Will the mild-mannered perspicacious city with the shark glue a perspicacious ball?', '2019-02-15 08:26:53'),
(613, 47, 36, 'The moon ate a finicky red blushing shrubbery.', '2019-01-06 10:50:47'),
(614, 76, 28, 'The buffalo grated this doctor with a expensive shrubbery.', '2019-03-10 19:05:29'),
(615, 102, 12, 'This robust ball near a moon climbed that buffalo.', '2019-01-25 03:12:32'),
(616, 241, 55, 'Launch a doctor in that shark!', '2019-01-16 05:13:00'),
(617, 278, 17, 'Launch that librarian!', '2019-02-19 11:02:53'),
(618, 198, 33, 'Launch this hatter!', '2019-03-06 14:10:28'),
(619, 108, 9, 'The doctor at this mild-mannered wet village climbed that sheep at a doctor.', '2018-12-27 12:53:06'),
(620, 56, 18, 'Fix that buffalo under a shrubbery!', '2019-03-08 10:42:04'),
(621, 219, 47, 'Did a shrubbery grease that brainy soft moon?', '2019-02-25 23:02:12'),
(622, 190, 54, 'That doctor threw that red doctor under this city.', '2019-02-15 12:48:47'),
(623, 219, 58, 'Will the soft green brainy robust city under the doctor grease that doctor near that earthy low shark?', '2019-01-03 09:10:37'),
(624, 6, 11, 'This programmer from a city grated that mellow debonair moon in a humdrum moon.', '2019-03-05 04:26:25'),
(625, 261, 47, 'Thread the buffalo in the hatter!', '2019-01-16 11:11:35'),
(626, 167, 32, 'A red shrubbery jumped a city.', '2019-02-18 02:03:37'),
(627, 106, 34, 'That blushing librarian under the finicky ball milked this humdrum village near this mellow perspicacious low skyscraper.', '2019-01-22 06:04:29'),
(628, 32, 22, 'Break this librarian!', '2019-02-19 22:38:17'),
(629, 33, 53, 'Fetch a hatter!', '2019-02-06 07:11:37'),
(630, 261, 43, 'This perspicacious buffalo in this doctor climbed this rabbit in this skyscraper.', '2019-02-13 16:03:27'),
(631, 113, 24, 'Fetch the tense shrubbery!', '2018-12-31 15:16:03'),
(632, 56, 35, 'The shrubbery in the silly village gnashed the village at this cow.', '2019-02-19 14:15:11'),
(633, 41, 10, 'Fetch that sharp city in the mild-mannered earthy buffalo!', '2019-03-13 00:43:25'),
(634, 38, 9, 'Squeeze this dog!', '2018-12-23 02:16:11'),
(635, 291, 56, 'This librarian gnashed a earthy sheep.', '2019-03-12 11:28:06'),
(636, 54, 31, 'A hatter grated this wet skyscraper near a green rabbit.', '2019-02-21 23:42:41'),
(637, 220, 3, 'A silly programmer unflinchingly ran that moon.', '2019-03-21 09:37:17'),
(638, 16, 57, 'Should that debonair sheep with the shark belong a librarian?', '2019-01-18 15:13:47'),
(639, 39, 35, 'Pull this delectable brainy village near that programmer!', '2019-03-01 02:47:19'),
(640, 30, 16, 'Fetch the sheep in a wet perspicacious city!', '2019-03-05 10:30:12'),
(641, 17, 46, 'A red skyscraper under a buffalo ran this big hatter.', '2019-01-03 09:04:50'),
(642, 125, 6, 'Pull that city from this earthy programmer!', '2019-03-15 07:10:30'),
(643, 241, 13, 'A librarian with this ball gnashed that cow from a sheep.', '2019-02-04 02:08:43'),
(644, 61, 61, 'Will this ball from the finicky brainy cow grate this brainy moon under that dog?', '2019-01-24 19:26:00'),
(645, 58, 18, 'This soft skyscraper ate the shark under a librarian.', '2019-02-22 11:07:40'),
(646, 218, 29, 'Could the finicky cow jump a robust rabbit at that shark?', '2018-12-22 14:15:27'),
(647, 139, 18, 'Squeeze this tense shark near this big finicky mild-mannered shark!', '2019-03-14 10:05:37'),
(648, 173, 5, 'The moon thought that tense skyscraper under that moon.', '2019-01-17 04:04:26'),
(649, 266, 30, 'Fix that cute city near that ball!', '2019-03-20 22:07:58'),
(650, 221, 52, 'A hatter ran this doctor near that doctor.', '2019-01-31 01:17:40'),
(651, 128, 9, 'The soft perspicacious expensive sharp mild-mannered humdrum blushing doctor at that shrubbery shrilly climbed a sheep in this mild-mannered hatter.', '2019-03-13 19:47:59'),
(652, 288, 16, 'Should a dog boil the skyscraper under this tense mellow earthy programmer?', '2018-12-28 14:56:17'),
(653, 67, 47, 'This doctor gnashed the programmer.', '2019-01-02 12:51:20'),
(654, 215, 35, 'That librarian grated this librarian with this low rabbit.', '2019-03-19 17:47:28'),
(655, 87, 33, 'Should that shark in a finicky earthy brainy programmer throw this dog?', '2019-01-28 02:30:58'),
(656, 5, 60, 'Squeeze that finicky robust rabbit near that mild-mannered shark!', '2019-02-10 22:36:18'),
(657, 14, 44, 'The shrubbery from the cow grated that buffalo under that finicky sheep.', '2018-12-30 02:51:39'),
(658, 216, 41, 'Should that wet hatter bring a mellow delectable cow above that librarian?', '2019-01-23 23:23:07'),
(659, 224, 21, 'Should a shrubbery throw the ball in the city?', '2019-01-12 04:55:10'),
(660, 21, 46, 'Fix that tense moon!', '2019-03-07 14:31:56'),
(661, 214, 34, 'The doctor in this shark mightily thought a robust dog with this silly shrubbery.', '2019-01-11 13:42:58'),
(662, 225, 25, 'Could this buffalo gnash the ball above this cow?', '2019-02-02 22:30:15'),
(663, 118, 36, 'Break the moon from a sheep!', '2018-12-23 02:17:56'),
(664, 137, 30, 'Could a green finicky perspicacious dog from that big ball grate that ball in the wet dog?', '2019-03-11 23:24:35'),
(665, 265, 61, 'Break the silly green robust dog at this blushing village!', '2019-01-23 03:15:51'),
(666, 239, 9, 'Should the expensive soft cow learn this soft programmer from a doctor?', '2019-01-01 17:42:15'),
(667, 104, 17, 'Will this village salivate the doctor from a village?', '2019-02-17 14:21:01'),
(668, 199, 52, 'Will this buffalo boil that hatter?', '2019-02-16 16:31:35'),
(669, 166, 50, 'Will this robust librarian grate a sharp perspicacious village?', '2019-01-07 22:15:49'),
(670, 298, 54, 'Squeeze the ball!', '2019-01-04 09:47:22'),
(671, 271, 12, 'Should the programmer throw the shark?', '2019-01-21 10:53:39'),
(672, 71, 7, 'A low debonair rabbit jumped a perspicacious mellow city near this robust humdrum shark.', '2019-02-03 19:49:44'),
(673, 246, 50, 'Get this skyscraper above that sharp skyscraper!', '2019-01-26 10:25:27'),
(674, 23, 20, 'The shark ate a village.', '2019-01-20 22:17:58'),
(675, 8, 41, 'The delectable mellow humdrum doctor from that shrubbery jumped the buffalo in a shark.', '2019-03-01 15:26:47'),
(676, 146, 34, 'This mild-mannered brainy city near this shark ate the shrubbery in this brainy doctor.', '2019-02-26 23:38:04'),
(677, 33, 23, 'Fetch this cow!', '2018-12-22 15:44:09'),
(678, 94, 57, 'Get that sheep near a city!', '2019-02-08 01:33:05'),
(679, 217, 6, 'Thread this cow near the perspicacious ball!', '2019-03-08 15:28:49'),
(680, 242, 50, 'That mellow librarian shrilly climbed this rabbit at this soft village.', '2019-02-27 16:47:17'),
(681, 37, 36, 'Should this librarian near this programmer glue this programmer?', '2019-01-31 02:51:41'),
(682, 289, 19, 'The programmer jumped that ball.', '2019-01-25 00:54:54'),
(683, 174, 51, 'Should this brainy doctor glue a programmer in a buffalo?', '2019-03-16 22:43:24'),
(684, 169, 38, 'Did that delectable low shark glue a librarian near this dog?', '2019-01-14 23:16:05'),
(685, 96, 13, 'Squeeze the skyscraper!', '2019-02-23 08:18:58'),
(686, 288, 61, 'Squeeze the humdrum shrubbery!', '2019-02-24 17:57:17'),
(687, 6, 42, 'That soft shark thought a brainy ball.', '2019-03-01 17:29:07'),
(688, 75, 16, 'Fetch the rabbit near that librarian!', '2019-01-17 14:45:25'),
(689, 109, 19, 'Will this village near a silly moon gnash that city?', '2019-02-09 03:06:14'),
(690, 174, 60, 'A shrubbery near a mellow programmer gnashed that earthy sheep.', '2019-03-06 01:38:36'),
(691, 194, 25, 'Thread this hatter at the earthy low shark!', '2019-03-14 13:05:26'),
(692, 186, 10, 'This doctor from that sharp expensive dog gnashed this cow.', '2018-12-31 12:56:14'),
(693, 102, 4, 'Could the city in that skyscraper throw a brainy shrubbery above this hatter?', '2019-03-17 05:30:28'),
(694, 148, 43, 'Did a cow itch that moon?', '2019-01-16 13:25:11'),
(695, 210, 40, 'String that sharp village under this village!', '2019-02-07 23:56:40'),
(696, 37, 29, 'Did the wet earthy librarian throw this tense cute sheep?', '2019-02-25 05:24:20'),
(697, 68, 10, 'Will that sheep under that green sharp programmer glue the soft village above that green dog?', '2019-01-19 09:42:47'),
(698, 139, 56, 'Break this delectable cow in a dog!', '2019-02-02 06:18:35'),
(699, 95, 26, 'Launch this buffalo!', '2019-01-10 00:49:21'),
(700, 66, 45, 'The shark at a cow thought this rabbit near the rabbit.', '2019-01-30 09:32:17'),
(701, 69, 18, 'The moon threw the village.', '2019-03-18 12:20:27'),
(702, 174, 6, 'That silly buffalo from a buffalo mightily jumped a doctor.', '2019-02-25 07:48:08'),
(703, 29, 34, 'Did the brainy ball under this moon itch the programmer from a cute sheep?', '2019-02-13 06:51:03'),
(704, 245, 32, 'This librarian ran that buffalo above that librarian.', '2019-03-07 18:25:56'),
(705, 19, 52, 'Did the buffalo grease this buffalo in the dog?', '2019-02-15 13:23:26'),
(706, 41, 19, 'Should this rabbit in that debonair moon gnash that shrubbery with a expensive programmer?', '2019-01-25 02:52:20'),
(707, 112, 38, 'The tense city with this shrubbery lazily ran the sheep.', '2018-12-30 07:57:35'),
(708, 113, 3, 'The robust city under this shrubbery jumped this rabbit.', '2018-12-21 23:03:26'),
(709, 93, 22, 'Could the moon milk the debonair hatter?', '2019-03-11 22:46:35'),
(710, 235, 22, 'Get a doctor above that humdrum cow!', '2019-03-09 07:43:45'),
(711, 240, 26, 'That low skyscraper near the robust dog jumped the shark.', '2019-01-02 01:14:50'),
(712, 83, 55, 'Fetch this red cow at this tense cow!', '2018-12-28 08:01:00'),
(713, 196, 41, 'Get a wet sheep from a cow!', '2019-01-27 11:06:57'),
(714, 153, 6, 'Could that cow at that village salivate that low red skyscraper?', '2019-03-12 23:12:17'),
(715, 208, 53, 'Should a buffalo eat that mellow doctor near that cute moon?', '2019-03-09 07:54:05'),
(716, 37, 42, 'Thread the skyscraper near a robust earthy doctor!', '2019-03-06 02:41:09'),
(717, 192, 26, 'String the finicky humdrum silly rabbit!', '2018-12-25 21:12:31'),
(718, 228, 12, 'That programmer near the delectable cute expensive skyscraper threw the ball.', '2018-12-31 10:09:08'),
(719, 175, 38, 'Break a ball at that green village!', '2019-02-04 02:10:25'),
(720, 84, 43, 'Thread a shark!', '2019-03-05 13:51:05'),
(721, 130, 17, 'The shark unflinchingly grated the cow in that perspicacious village.', '2019-02-08 20:39:59'),
(722, 141, 22, 'That cow ate that mellow expensive skyscraper.', '2019-01-10 11:54:09'),
(723, 267, 15, 'Did that city under the city jump the doctor at the sharp perspicacious blushing skyscraper?', '2019-02-27 22:04:39'),
(724, 149, 50, 'Fetch a moon under a cow!', '2019-03-08 08:57:11'),
(725, 47, 40, 'This librarian milked a cow.', '2019-01-27 04:24:59'),
(726, 95, 23, 'Launch the dog!', '2019-03-17 17:20:53'),
(727, 173, 26, 'String a moon!', '2018-12-23 23:36:41'),
(728, 240, 45, 'That hatter grated the cow.', '2018-12-27 11:37:59'),
(729, 102, 10, 'A librarian in that silly soft humdrum doctor threw a programmer.', '2019-02-02 11:29:05'),
(730, 199, 43, 'Launch the dog under that moon!', '2019-03-09 17:07:59'),
(731, 103, 56, 'A delectable shrubbery with that delectable cow jumped a robust sheep at the moon.', '2019-02-08 01:43:44'),
(732, 180, 18, 'Could this skyscraper gnash a expensive dog?', '2019-01-24 14:28:01'),
(733, 25, 36, 'Squeeze that programmer above the robust finicky hatter!', '2019-03-13 17:57:00'),
(734, 30, 25, 'Break this dog in the finicky skyscraper!', '2019-02-05 12:19:52'),
(735, 252, 50, 'This shrubbery mightily ate this tense humdrum brainy robust sheep.', '2019-03-02 17:32:12'),
(736, 186, 42, 'Should this dog under that shrubbery itch that delectable sheep?', '2019-02-16 02:55:37'),
(737, 34, 58, 'Get this skyscraper!', '2019-03-15 10:23:25'),
(738, 278, 4, 'The red moon at a moon climbed the red debonair rabbit near that dog.', '2019-02-11 17:40:59'),
(739, 293, 59, 'Get that moon!', '2019-03-05 03:20:29'),
(740, 33, 23, 'Should the soft shark jump the robust big sheep in this delectable rabbit?', '2019-02-18 20:14:35'),
(741, 163, 1, 'String a city under that hatter!', '2018-12-24 02:32:17'),
(742, 261, 48, 'Did a shrubbery near this green tense shark belong this moon?', '2019-03-03 11:03:43'),
(743, 298, 51, 'Break the mild-mannered soft cute delectable ball in the doctor!', '2019-02-12 13:50:04'),
(744, 55, 37, 'Did a rabbit with that programmer boil a hatter near a programmer?', '2019-02-03 09:24:39'),
(745, 183, 10, 'Fetch this shark near a delectable sheep!', '2019-02-26 23:55:13'),
(746, 14, 5, 'Could a mellow sheep above this blushing debonair low sheep learn that programmer?', '2019-02-21 02:56:42'),
(747, 21, 53, 'Fetch the hatter with that low village!', '2019-03-08 18:13:56'),
(748, 191, 9, 'A doctor thought a big shark under that skyscraper.', '2019-03-11 19:56:28'),
(749, 104, 28, 'Thread a humdrum expensive rabbit!', '2019-02-06 03:43:39'),
(750, 34, 29, 'Did the ball bring the green village under the earthy soft debonair city?', '2019-01-25 08:23:45'),
(751, 198, 18, 'A debonair robust finicky humdrum librarian above the rabbit reluctantly ate a ball near that blushing big hatter.', '2019-03-03 11:42:47'),
(752, 114, 41, 'Fetch the expensive buffalo at a green rabbit!', '2019-01-22 16:59:22'),
(753, 297, 30, 'Will a soft perspicacious blushing sharp brainy hatter throw the expensive cow?', '2019-02-12 06:40:29'),
(754, 88, 39, 'Fix a hatter!', '2019-01-21 07:12:10'),
(755, 232, 36, 'Fetch this expensive hatter near that big city!', '2018-12-28 23:25:45'),
(756, 212, 37, 'Should a hatter from the shrubbery itch a blushing dog in this dog?', '2019-01-23 16:55:27'),
(757, 44, 7, 'That doctor thought this moon.', '2019-01-24 08:56:41'),
(758, 135, 23, 'Get that librarian near that earthy hatter!', '2019-03-21 06:44:15'),
(759, 176, 21, 'Fetch a city!', '2018-12-31 11:19:12'),
(760, 5, 27, 'A doctor jumped a programmer.', '2019-02-02 04:34:59'),
(761, 97, 61, 'Did this village above this ball jump that skyscraper above a red city?', '2019-01-08 23:10:03'),
(762, 168, 34, 'That librarian in this shrubbery threw this cow.', '2019-01-10 20:40:16'),
(763, 24, 46, 'Squeeze a mellow mild-mannered librarian near a hatter!', '2019-02-01 06:43:38'),
(764, 261, 6, 'Will that sheep at the skyscraper bring a wet big doctor?', '2019-02-15 07:12:44'),
(765, 99, 33, 'Will this silly big rabbit with the wet red hatter belong the earthy perspicacious hatter?', '2019-01-30 21:01:50'),
(766, 43, 7, 'String a cute big rabbit with that buffalo!', '2018-12-26 04:21:43'),
(767, 74, 36, 'This sheep gnashed a ball from the buffalo.', '2019-03-06 14:44:23'),
(768, 153, 40, 'Break this soft sheep!', '2019-01-27 23:45:40'),
(769, 10, 2, 'That delectable blushing humdrum moon near the brainy librarian climbed this brainy programmer with this tense perspicacious soft programmer.', '2019-01-20 00:26:38'),
(770, 107, 14, 'A dog jumped this village.', '2019-01-27 01:25:29'),
(771, 99, 44, 'Did this shrubbery from the soft green moon glue the wet shark near that cute skyscraper?', '2018-12-29 05:03:34'),
(772, 70, 39, 'Will the cute programmer itch this blushing programmer in that shrubbery?', '2019-02-15 07:54:13'),
(773, 88, 60, 'Pull this ball near that skyscraper!', '2019-03-16 14:15:16'),
(774, 75, 25, 'Fix this city above a shrubbery!', '2019-01-31 23:12:31'),
(775, 138, 14, 'Could the librarian under the earthy blushing silly ball gnash that robust earthy expensive programmer?', '2019-03-04 19:04:22'),
(776, 113, 44, 'Launch this delectable shark under this soft mellow doctor!', '2019-01-23 11:02:31'),
(777, 147, 22, 'Could a mellow doctor eat a soft village above that cow?', '2019-01-21 23:09:39'),
(778, 254, 46, 'Did this perspicacious cow jump the soft librarian at a debonair librarian?', '2019-02-10 15:41:03'),
(779, 99, 5, 'That shrubbery in that cow gnashed that programmer above the moon.', '2019-02-10 01:39:40'),
(780, 95, 25, 'Pull the cow in that shark!', '2019-02-09 17:03:26'),
(781, 14, 29, 'Fix a mellow shrubbery!', '2019-02-07 14:00:32'),
(782, 55, 34, 'Thread the rabbit in that programmer!', '2019-01-21 15:32:38'),
(783, 75, 2, 'A mild-mannered hatter above this cute village climbed this mild-mannered sheep.', '2019-02-09 21:06:16'),
(784, 134, 33, 'Break that cow with this earthy hatter!', '2018-12-25 06:37:26'),
(785, 13, 60, 'Thread the soft robust shark at a low delectable sheep!', '2019-01-20 12:32:52'),
(786, 185, 48, 'Pull the librarian!', '2019-01-30 10:25:52'),
(787, 267, 31, 'Could that shrubbery from that shrubbery learn that hatter?', '2019-03-02 14:09:59'),
(788, 256, 49, 'Did this librarian with the low big mild-mannered sheep gnash the hatter?', '2019-02-23 11:56:18'),
(789, 298, 37, 'Did this humdrum cow under this shrubbery grate the hatter?', '2019-02-28 17:51:27'),
(790, 268, 8, 'Break this sharp delectable tense buffalo!', '2018-12-22 13:04:49'),
(791, 72, 6, 'Should a green cow milk that dog?', '2019-01-12 11:35:14'),
(792, 132, 46, 'That city climbed that humdrum ball.', '2018-12-26 03:27:44'),
(793, 12, 19, 'Should that ball milk the shrubbery?', '2018-12-29 22:38:24'),
(794, 247, 50, 'Fetch that dog with a soft hatter!', '2019-02-16 17:56:57'),
(795, 65, 24, 'Pull that buffalo!', '2019-01-20 08:38:42'),
(796, 25, 47, 'The finicky doctor at a moon thought that sheep.', '2019-02-03 12:30:50'),
(797, 247, 56, 'String this blushing librarian with this delectable librarian!', '2019-01-17 08:06:07'),
(798, 266, 43, 'That village at this hatter ran that shrubbery.', '2019-02-10 22:06:32'),
(799, 253, 18, 'Will that ball salivate a dog at the librarian?', '2019-01-18 05:42:00'),
(800, 29, 15, 'Get this shark in the silly blushing programmer!', '2019-01-29 03:05:55'),
(801, 169, 13, 'Should a skyscraper near a sheep learn this delectable debonair moon at this librarian?', '2019-03-17 10:35:03'),
(802, 153, 36, 'Thread the doctor from a shrubbery!', '2018-12-23 09:30:14'),
(803, 50, 55, 'Should a buffalo under this rabbit grease the dog?', '2018-12-24 17:06:05'),
(804, 42, 60, 'Could a ball throw this tense silly humdrum earthy mild-mannered brainy wet village?', '2019-01-31 00:40:43'),
(805, 230, 10, 'Break this librarian above the blushing delectable soft librarian!', '2019-03-07 22:07:38'),
(806, 285, 23, 'The cow at a mild-mannered sheep swiftly climbed a low brainy wet cow under the ball.', '2019-02-18 22:33:50'),
(807, 28, 30, 'Could that cow bring the sharp programmer?', '2018-12-27 09:51:28'),
(808, 217, 7, 'The mellow wet moon ran this dog.', '2019-02-14 06:52:33'),
(809, 99, 37, 'Will this delectable skyscraper belong the brainy ball near that expensive mild-mannered skyscraper?', '2019-01-22 20:40:48'),
(810, 293, 34, 'Fetch this shrubbery!', '2019-02-23 11:23:50'),
(811, 79, 4, 'The green rabbit jumped the low brainy ball in this city.', '2019-01-25 19:01:13'),
(812, 34, 54, 'Should this buffalo grate a village from the doctor?', '2019-02-15 03:01:49'),
(813, 111, 3, 'A big cow at that delectable rabbit grated a ball above the delectable village.', '2019-01-26 09:07:59'),
(814, 64, 37, 'Fetch a mild-mannered programmer in that brainy hatter!', '2019-03-21 01:41:11'),
(815, 263, 6, 'Fix the finicky soft skyscraper!', '2018-12-29 03:42:29'),
(816, 260, 2, 'Could a cow in the cow grate that cow?', '2019-03-05 18:23:04'),
(817, 221, 42, 'Break this rabbit!', '2019-02-13 13:29:58'),
(818, 36, 44, 'Thread a humdrum big sharp brainy village above the soft ball!', '2019-01-26 18:00:03'),
(819, 154, 38, 'Fetch a ball!', '2019-02-04 04:41:47'),
(820, 183, 23, 'That shark under this shark threw that hatter.', '2019-01-06 19:21:19'),
(821, 78, 37, 'That village with the green rabbit milked a sheep from this programmer.', '2019-03-13 05:42:54'),
(822, 144, 5, 'Launch that village!', '2019-02-01 23:22:21'),
(823, 240, 3, 'Fetch that sheep!', '2019-03-15 01:58:47'),
(824, 133, 52, 'That cow ate that programmer above the blushing rabbit.', '2018-12-31 20:38:02'),
(825, 115, 52, 'Could the buffalo under this village throw a hatter near this earthy cow?', '2019-03-09 00:06:30'),
(826, 50, 41, 'Get that ball!', '2019-01-08 08:53:48'),
(827, 13, 16, 'This hatter near that cute perspicacious humdrum silly dog vivaciously ran a silly dog at the mild-mannered wet rabbit.', '2019-01-18 09:46:02'),
(828, 229, 22, 'String a village!', '2019-03-06 06:30:56'),
(829, 232, 58, 'Thread this cow!', '2019-02-01 20:12:53'),
(830, 121, 42, 'That dog near that hatter milked this cow.', '2019-01-17 17:26:30'),
(831, 249, 40, 'That finicky city climbed a city.', '2019-03-14 15:22:41'),
(832, 265, 13, 'Should that sheep milk that programmer?', '2019-03-13 14:01:39'),
(833, 101, 49, 'Could that hatter jump this dog?', '2019-01-22 01:17:33'),
(834, 114, 28, 'Did that finicky skyscraper jump the shrubbery?', '2019-02-04 06:43:43'),
(835, 188, 50, 'String the brainy ball!', '2019-01-23 18:20:38'),
(836, 46, 58, 'Fix the doctor!', '2019-02-16 13:00:33'),
(837, 97, 41, 'Squeeze this humdrum librarian in a humdrum wet ball!', '2019-02-21 11:43:23'),
(838, 208, 47, 'Could this shrubbery belong that moon?', '2019-01-28 12:49:01'),
(839, 7, 27, 'Will that dog bring a dog?', '2019-02-24 02:51:40'),
(840, 47, 35, 'Thread a village!', '2019-02-07 05:17:30'),
(841, 205, 52, 'Should the big librarian belong the sheep from that perspicacious brainy tense green dog?', '2018-12-27 17:20:02'),
(842, 216, 54, 'Could this city near a silly debonair brainy mellow programmer eat that earthy big humdrum skyscraper near this cow?', '2019-02-16 00:31:53'),
(843, 88, 13, 'Did that skyscraper jump a shark?', '2019-01-23 18:18:06'),
(844, 167, 10, 'Did a low earthy cow in the rabbit glue a wet low rabbit at a village?', '2018-12-28 14:19:46'),
(845, 263, 52, 'Thread a mellow blushing tense librarian above the green librarian!', '2019-02-12 20:01:44'),
(846, 233, 33, 'Launch that doctor with that cute red shark!', '2019-02-05 20:11:35'),
(847, 26, 28, 'The dog with this delectable dog climbed the moon near the delectable moon.', '2019-01-10 11:24:55'),
(848, 26, 17, 'That librarian from a debonair city gnashed that wet cow from the sharp shrubbery.', '2019-01-11 01:23:35'),
(849, 193, 57, 'Did this debonair sheep at the shrubbery eat this buffalo?', '2019-01-27 13:40:25'),
(850, 255, 17, 'String the skyscraper!', '2019-03-15 21:39:15'),
(851, 87, 42, 'A librarian milked that moon.', '2019-02-23 17:58:00'),
(852, 263, 12, 'Break this village under that big doctor!', '2019-02-24 19:40:33'),
(853, 294, 52, 'A sheep unflinchingly thought a expensive doctor.', '2019-01-13 03:31:36'),
(854, 254, 35, 'Will a buffalo in this debonair doctor bring a humdrum expensive sheep in that debonair expensive perspicacious hatter?', '2019-02-20 05:13:43'),
(855, 260, 20, 'That doctor ran a moon at a sheep.', '2019-03-17 06:45:17'),
(856, 26, 52, 'Launch a perspicacious rabbit at this shrubbery!', '2018-12-25 22:42:46'),
(857, 192, 28, 'Launch this shrubbery!', '2019-02-10 12:30:36'),
(858, 129, 48, 'Pull a shark at this dog!', '2019-03-01 15:13:38'),
(859, 7, 40, 'Did the blushing delectable shark jump that wet doctor in this cow?', '2019-01-05 12:27:13'),
(860, 238, 55, 'Fetch a perspicacious blushing hatter!', '2019-03-10 01:53:11'),
(861, 32, 16, 'Will the dog grease that shrubbery?', '2018-12-31 13:30:23'),
(862, 124, 31, 'Did that cow gnash that rabbit?', '2018-12-27 20:37:53'),
(863, 223, 54, 'Did that dog salivate a robust perspicacious tense sheep?', '2019-01-15 09:08:04'),
(864, 283, 32, 'Thread the librarian under the doctor!', '2019-02-25 23:46:30'),
(865, 291, 23, 'String a hatter!', '2019-03-05 22:46:54'),
(866, 143, 59, 'Get this shrubbery from that soft programmer!', '2019-01-15 22:18:28'),
(867, 41, 40, 'Squeeze a green debonair cute sharp big cow in the brainy perspicacious sheep!', '2019-02-27 09:23:57'),
(868, 184, 37, 'Squeeze that rabbit in that mellow skyscraper!', '2019-02-05 22:56:15'),
(869, 24, 13, 'Fetch the rabbit!', '2018-12-22 08:00:13'),
(870, 79, 8, 'The expensive ball from a tense shark ran this wet moon.', '2019-03-03 14:17:09'),
(871, 219, 36, 'Could the sharp hatter near a moon gnash a wet dog at the red moon?', '2019-03-06 19:37:07'),
(872, 114, 18, 'That doctor above the programmer jumped a dog from the blushing hatter.', '2019-01-29 11:39:32'),
(873, 153, 55, 'Could that red soft doctor from that expensive ball milk the silly mild-mannered mellow sheep?', '2019-03-12 16:22:43'),
(874, 41, 16, 'Break a blushing ball!', '2019-01-08 08:13:03'),
(875, 227, 27, 'String that soft city!', '2019-01-21 19:09:45'),
(876, 198, 33, 'String the earthy moon under the mellow dog!', '2019-02-28 08:24:48'),
(877, 15, 58, 'Could this moon belong a shark?', '2019-02-16 19:40:34'),
(878, 110, 2, 'Will the cow at that doctor belong that cute doctor under this librarian?', '2019-01-29 16:45:57'),
(879, 293, 60, 'This village under this programmer climbed this ball near a city.', '2019-01-01 07:06:20'),
(880, 137, 61, 'Should the city belong this silly expensive red mild-mannered sheep?', '2019-03-05 17:18:18'),
(881, 174, 21, 'That delectable cute sheep under this wet ball jumped that finicky moon in that skyscraper.', '2019-03-17 21:15:04'),
(882, 19, 19, 'Could the dog at this dog salivate that sharp blushing finicky programmer?', '2019-01-23 13:16:19'),
(883, 143, 56, 'Thread that rabbit!', '2019-03-16 15:40:39'),
(884, 184, 44, 'Did this brainy programmer itch the rabbit near that perspicacious rabbit?', '2019-03-04 09:28:24'),
(885, 166, 12, 'The moon reluctantly threw this ball from a city.', '2019-01-10 05:12:31'),
(886, 266, 17, 'Did a soft hatter throw the debonair hatter above a humdrum earthy silly ball?', '2019-03-10 02:28:22'),
(887, 299, 49, 'Could that perspicacious red humdrum moon with that soft doctor learn that village?', '2019-01-26 14:20:45'),
(888, 113, 30, 'Did the dog under this librarian grease this dog from a soft blushing skyscraper?', '2019-01-24 19:33:23'),
(889, 63, 39, 'A big wet librarian from the big soft finicky sheep thought this shrubbery above that ball.', '2019-01-03 08:42:55'),
(890, 112, 43, 'Did the shrubbery boil the soft skyscraper at a moon?', '2019-02-17 09:12:34'),
(891, 30, 30, 'A city jumped this cute buffalo.', '2019-03-13 10:03:25'),
(892, 262, 17, 'Fetch that dog at that finicky rabbit!', '2019-03-01 07:35:08'),
(893, 83, 4, 'Will the ball gnash the tense programmer?', '2019-03-02 18:04:51'),
(894, 246, 30, 'String this programmer!', '2019-03-02 21:54:29'),
(895, 160, 37, 'A programmer climbed this blushing tense soft sheep in this buffalo.', '2019-03-01 16:56:34'),
(896, 42, 10, 'Fix a dog with that rabbit!', '2018-12-23 14:38:07'),
(897, 229, 40, 'A hatter under the village jumped this shrubbery above that moon.', '2019-01-08 03:13:02'),
(898, 110, 19, 'A big rabbit under the green shrubbery jumped this big skyscraper from this hatter.', '2018-12-31 13:10:50'),
(899, 129, 29, 'String that sheep at a city!', '2019-01-05 05:21:17'),
(900, 64, 14, 'Launch the silly shrubbery!', '2019-01-24 09:54:16'),
(901, 131, 53, 'Could a low brainy buffalo in a brainy dog bring the rabbit?', '2019-03-20 09:51:49'),
(902, 59, 52, 'Did that brainy robust city from this big shark boil a cow above this cow?', '2019-01-20 15:48:25'),
(903, 240, 32, 'A debonair wet doctor thought a humdrum sheep under a dog.', '2019-03-11 05:43:46'),
(904, 288, 41, 'The debonair cute moon threw a shrubbery.', '2019-01-01 03:00:39'),
(905, 4, 38, 'Did this low doctor at the big finicky mellow hatter gnash a brainy shrubbery?', '2019-02-17 08:16:02'),
(906, 204, 43, 'Should a earthy rabbit near that silly wet doctor grate this rabbit?', '2019-02-10 06:35:51'),
(907, 11, 24, 'Get a delectable skyscraper!', '2019-01-03 15:11:49'),
(908, 64, 33, 'Fix this moon under a ball!', '2018-12-26 08:06:39'),
(909, 182, 54, 'Squeeze this doctor!', '2019-01-02 21:56:29'),
(910, 110, 16, 'Fix the skyscraper near the sheep!', '2019-01-11 15:22:53'),
(911, 208, 60, 'That mellow blushing shrubbery near a hatter grated that village at a humdrum debonair city.', '2019-01-27 08:09:10'),
(912, 96, 60, 'Thread this rabbit!', '2019-01-15 06:17:25'),
(913, 253, 52, 'Will a buffalo with that tense cow eat this rabbit?', '2019-02-05 05:02:42'),
(914, 58, 58, 'Did the sharp mellow wet ball boil this moon in the city?', '2019-01-07 22:34:25'),
(915, 146, 21, 'Pull a city at a librarian!', '2019-02-21 11:46:17'),
(916, 162, 55, 'Will the brainy wet doctor bring this moon?', '2019-03-14 03:09:24'),
(917, 188, 38, 'Should the shark near that librarian grease that perspicacious programmer?', '2019-01-08 08:47:45'),
(918, 29, 15, 'Could this shrubbery boil this expensive sharp soft earthy silly perspicacious delectable shrubbery with a buffalo?', '2019-02-18 03:57:05'),
(919, 288, 36, 'This debonair ball in that humdrum village climbed that doctor near this doctor.', '2019-01-22 16:11:45'),
(920, 56, 41, 'This librarian in the shrubbery vivaciously selflessly gnashed this ball.', '2019-03-12 20:39:55'),
(921, 2, 27, 'Will that humdrum shrubbery above the mellow buffalo bring this wet sheep with this debonair red moon?', '2018-12-24 02:33:28'),
(922, 175, 42, 'Should a rabbit throw a cute mild-mannered finicky shark above the doctor?', '2019-01-02 01:41:26'),
(923, 276, 57, 'Did this rabbit from that earthy perspicacious big rabbit gnash a rabbit with the delectable village?', '2019-01-29 02:28:00'),
(924, 241, 2, 'Could the buffalo with that doctor bring a shark with the expensive ball?', '2019-02-05 22:15:07'),
(925, 10, 23, 'Get the buffalo!', '2019-01-09 15:46:08'),
(926, 5, 4, 'Get a ball above the shark!', '2018-12-24 04:23:22'),
(927, 252, 52, 'Will the village from the hatter grease that tense moon?', '2019-03-19 13:54:02'),
(928, 292, 19, 'Could this brainy doctor glue that soft silly rabbit?', '2019-03-06 02:36:04'),
(929, 60, 29, 'Should the sheep itch that robust librarian?', '2018-12-26 20:47:58'),
(930, 87, 18, 'A robust skyscraper under that brainy blushing mild-mannered moon climbed this blushing dog near this wet programmer.', '2019-03-02 20:43:14'),
(931, 233, 30, 'Launch a mellow tense shrubbery above a skyscraper!', '2019-03-19 18:36:08'),
(932, 123, 13, 'Should this sharp ball grate a cute red debonair earthy village near a programmer?', '2019-02-12 01:25:55'),
(933, 143, 23, 'Break the programmer with a debonair delectable village!', '2018-12-31 17:02:23'),
(934, 134, 4, 'This debonair doctor climbed a hatter above this finicky debonair village.', '2019-01-08 22:32:16'),
(935, 45, 39, 'Thread the big rabbit!', '2019-01-29 18:32:32'),
(936, 173, 60, 'Get that shark in that expensive sheep!', '2019-02-28 19:27:14'),
(937, 65, 38, 'The cow thought the tense blushing delectable sheep.', '2019-02-06 06:09:41'),
(938, 139, 19, 'A cute humdrum hatter jumped a wet rabbit with that skyscraper.', '2019-01-26 07:25:05'),
(939, 252, 46, 'Get that programmer near this moon!', '2019-03-02 02:57:22'),
(940, 197, 25, 'Launch this dog at this shrubbery!', '2019-02-05 18:57:19'),
(941, 168, 12, 'Thread this dog at this moon!', '2019-01-15 11:36:50'),
(942, 38, 11, 'Thread this ball!', '2019-02-23 06:11:39'),
(943, 126, 9, 'Get a shark above the shark!', '2019-03-20 01:50:05'),
(944, 204, 7, 'Pull this moon in a green city!', '2019-03-14 08:22:37'),
(945, 74, 52, 'The mellow librarian grated that cow.', '2019-01-19 00:48:38'),
(946, 15, 58, 'Should a mellow low dog from a doctor bring that buffalo?', '2019-02-01 04:07:54'),
(947, 250, 10, 'Could this shark near this shark learn that programmer?', '2018-12-23 11:01:13'),
(948, 271, 46, 'Should that sheep near that humdrum red tense village itch a robust sheep from a cow?', '2019-02-08 08:48:06'),
(949, 243, 54, 'That shark near the skyscraper climbed that buffalo.', '2019-02-03 21:23:29'),
(950, 143, 14, 'Should this librarian under this wet perspicacious programmer boil the programmer above a sheep?', '2018-12-31 16:02:35'),
(951, 149, 41, 'The doctor milked this silly debonair dog at a humdrum rabbit.', '2019-03-18 10:23:11'),
(952, 272, 33, 'Should this sheep learn this librarian?', '2019-01-21 00:56:09'),
(953, 185, 43, 'Fix this earthy librarian!', '2019-02-23 01:45:54'),
(954, 209, 45, 'Fetch that doctor!', '2019-03-15 03:16:30'),
(955, 109, 35, 'This low city threw that humdrum shrubbery from a low doctor.', '2019-02-19 07:34:11'),
(956, 102, 41, 'Launch the low buffalo in this shrubbery!', '2019-03-20 02:44:14'),
(957, 75, 8, 'That blushing finicky shrubbery in this hatter reluctantly mightily lazily threw a hatter at a silly shrubbery.', '2019-02-14 07:33:23'),
(958, 137, 8, 'This low skyscraper with a red ball ran a wet finicky moon.', '2019-01-30 12:01:01'),
(959, 264, 59, 'Did that soft sharp cute green village learn this hatter?', '2019-02-16 20:58:20'),
(960, 60, 57, 'Squeeze the cute shark at that cow!', '2019-01-02 16:20:00'),
(961, 67, 10, 'Fetch that cow!', '2019-02-22 10:00:34'),
(962, 30, 1, 'Pull the shark in this silly tense expensive buffalo!', '2019-01-02 14:12:08'),
(963, 156, 10, 'That village ran the finicky buffalo with a brainy moon.', '2019-03-04 03:47:04'),
(964, 214, 9, 'Get a tense moon under this hatter!', '2019-03-21 05:20:12'),
(965, 81, 16, 'This sheep in the green robust moon gnashed that blushing sharp mellow hatter under this skyscraper.', '2019-03-02 08:48:43'),
(966, 184, 27, 'Could the moon grate this hatter?', '2019-02-05 23:30:44'),
(967, 299, 35, 'A cute tense buffalo gnashed that sheep near a dog.', '2019-03-04 16:49:31'),
(968, 33, 52, 'This programmer gnashed this shrubbery.', '2019-01-27 10:42:05'),
(969, 137, 21, 'String a skyscraper!', '2018-12-28 20:38:06'),
(970, 100, 43, 'A tense hatter at the blushing rabbit jumped a soft librarian.', '2019-02-07 04:30:10'),
(971, 102, 38, 'This mellow sheep selflessly threw the rabbit.', '2019-02-19 14:30:47'),
(972, 264, 20, 'The green village climbed the green ball.', '2019-03-16 08:04:47'),
(973, 84, 41, 'Could that shark above that cow grease the sharp sheep near a big buffalo?', '2019-03-13 15:48:10'),
(974, 88, 17, 'Pull this doctor at the rabbit!', '2019-02-09 04:32:59'),
(975, 137, 7, 'The village milked this finicky skyscraper.', '2019-03-12 22:48:26'),
(976, 187, 14, 'Will a low village salivate a shark with this hatter?', '2019-03-21 11:27:42'),
(977, 180, 56, 'That silly expensive shark from this moon ran this ball under a finicky moon.', '2019-03-15 15:02:24'),
(978, 72, 1, 'Break this mellow finicky moon with that humdrum moon!', '2019-01-11 12:07:49'),
(979, 15, 6, 'Will this city eat a delectable sheep at the low cow?', '2019-01-01 05:36:36'),
(980, 127, 44, 'Could a humdrum finicky buffalo in this rabbit eat that wet soft ball?', '2019-01-10 02:31:34'),
(981, 300, 26, 'Will a shrubbery grate this shrubbery?', '2018-12-31 14:33:45'),
(982, 147, 39, 'Could a doctor glue this mellow moon with the skyscraper?', '2019-02-08 08:35:11'),
(983, 99, 54, 'Did this village at this humdrum shrubbery boil a skyscraper with a humdrum finicky city?', '2019-03-19 17:53:47'),
(984, 297, 57, 'Thread that rabbit!', '2019-02-03 21:54:57'),
(985, 275, 6, 'Should that skyscraper at that mild-mannered sharp soft shark throw this perspicacious silly red shark?', '2019-03-15 09:56:20'),
(986, 133, 15, 'The big sheep gnashed a delectable green programmer.', '2019-02-12 16:49:22'),
(987, 15, 56, 'Fetch a shrubbery near that rabbit!', '2019-02-12 02:46:54'),
(988, 92, 41, 'Launch that cute silly tense wet village!', '2019-01-29 22:08:18'),
(989, 287, 34, 'That moon climbed this robust hatter.', '2019-02-11 17:55:28'),
(990, 1, 4, 'Will this moon from that rabbit salivate this doctor from the ball?', '2019-02-24 00:19:32'),
(991, 29, 4, 'Fetch the perspicacious debonair low city with that shark!', '2019-01-25 06:56:32'),
(992, 29, 13, 'Get that doctor!', '2018-12-27 21:26:57'),
(993, 17, 1, 'Will a mild-mannered cute soft cow with that librarian grate the earthy buffalo?', '2019-02-12 10:58:30'),
(994, 36, 10, 'Did this programmer at the humdrum tense silly expensive perspicacious city jump that shrubbery?', '2019-01-05 17:11:12'),
(995, 92, 39, 'The programmer ran the moon.', '2019-01-18 15:12:22'),
(996, 212, 30, 'Will the village from the sheep milk that humdrum dog above this village?', '2019-02-06 14:17:12'),
(997, 261, 12, 'Will the rabbit learn this blushing expensive moon under a skyscraper?', '2019-01-14 16:33:51'),
(998, 48, 46, 'That ball selflessly ate that buffalo above that debonair village.', '2019-02-22 04:15:36'),
(999, 277, 1, 'Fix the dog!', '2019-01-07 22:06:12'),
(1000, 60, 49, 'Will this buffalo grease that perspicacious low rabbit under that shrubbery?', '2019-02-05 08:59:46');

-- --------------------------------------------------------

--
-- Table structure for table `likes`
--

CREATE TABLE `likes` (
  `idLikes` int(11) NOT NULL,
  `idPost` int(11) NOT NULL,
  `idUser` int(11) NOT NULL,
  `dateLikes` timestamp NOT NULL DEFAULT CURRENT_TIMESTAMP ON UPDATE CURRENT_TIMESTAMP
) ENGINE=InnoDB DEFAULT CHARSET=latin1;

--
-- Dumping data for table `likes`
--

INSERT INTO `likes` (`idLikes`, `idPost`, `idUser`, `dateLikes`) VALUES
(1, 100, 47, '2019-02-20 13:04:11'),
(2, 100, 47, '2019-02-20 13:04:11'),
(3, 118, 55, '2019-02-02 05:15:23'),
(4, 119, 12, '2019-01-31 12:24:14'),
(5, 168, 21, '2019-03-19 00:57:31'),
(6, 63, 4, '2019-03-20 21:22:24'),
(7, 250, 55, '2019-01-19 02:06:35'),
(8, 15, 20, '2019-03-03 05:17:06'),
(9, 32, 57, '2018-12-26 20:20:25'),
(10, 200, 51, '2019-03-04 19:11:08'),
(11, 221, 48, '2019-02-03 21:54:55'),
(12, 96, 16, '2019-02-15 18:20:24'),
(13, 277, 52, '2019-03-19 00:27:41'),
(14, 205, 12, '2019-02-28 10:55:11'),
(15, 135, 56, '2019-02-24 13:26:34'),
(16, 64, 42, '2019-01-18 13:21:13'),
(17, 32, 20, '2019-02-08 17:58:33'),
(18, 273, 52, '2019-02-02 16:08:55'),
(19, 275, 41, '2019-01-31 16:48:08'),
(20, 234, 19, '2019-01-05 09:56:57'),
(21, 206, 31, '2019-01-22 02:39:04'),
(22, 124, 35, '2019-03-02 15:28:36'),
(23, 25, 35, '2019-01-22 20:24:28'),
(24, 189, 13, '2019-03-15 21:47:50'),
(25, 177, 51, '2019-02-15 08:28:48'),
(26, 126, 3, '2019-01-28 20:46:08'),
(27, 234, 33, '2019-03-05 12:54:01'),
(28, 169, 55, '2018-12-30 12:20:23'),
(29, 51, 53, '2018-12-31 08:33:56'),
(30, 115, 61, '2018-12-23 04:31:15'),
(31, 165, 11, '2019-01-26 13:23:34'),
(32, 232, 30, '2019-03-07 23:15:19'),
(33, 144, 32, '2018-12-28 10:18:04'),
(34, 155, 9, '2019-02-09 17:16:47'),
(35, 275, 51, '2019-01-31 00:10:56'),
(36, 293, 13, '2019-03-15 19:41:32'),
(37, 152, 51, '2018-12-22 17:23:26'),
(38, 15, 58, '2019-02-28 18:57:36'),
(39, 290, 22, '2019-02-01 23:38:15'),
(40, 76, 57, '2019-01-25 10:42:52'),
(41, 270, 15, '2019-02-25 13:17:21'),
(42, 28, 26, '2019-02-13 01:46:04'),
(43, 172, 41, '2019-01-19 11:18:14'),
(44, 220, 54, '2019-03-03 11:16:53'),
(45, 186, 20, '2019-01-22 20:03:35'),
(46, 49, 31, '2019-03-10 01:43:56'),
(47, 178, 38, '2019-02-19 16:29:19'),
(48, 43, 59, '2019-02-24 13:58:37'),
(49, 206, 49, '2019-01-27 12:43:48'),
(50, 283, 3, '2019-02-21 15:40:55'),
(51, 144, 8, '2019-01-22 23:50:18'),
(52, 215, 34, '2019-03-01 23:08:34'),
(53, 247, 23, '2019-03-06 23:15:06'),
(54, 18, 32, '2019-02-27 19:32:48'),
(55, 161, 48, '2019-01-17 23:36:46'),
(56, 184, 6, '2018-12-27 11:18:35'),
(57, 159, 37, '2019-03-03 00:34:31'),
(58, 18, 61, '2019-01-30 11:30:33'),
(59, 187, 33, '2018-12-25 11:55:08'),
(60, 252, 61, '2018-12-28 21:17:53'),
(61, 34, 27, '2019-03-04 08:24:51'),
(62, 298, 10, '2019-01-27 00:38:06'),
(63, 125, 47, '2019-02-15 08:37:10'),
(64, 104, 1, '2018-12-25 22:19:32'),
(65, 214, 26, '2019-02-17 17:00:39'),
(66, 262, 55, '2019-03-10 23:20:53'),
(67, 148, 35, '2019-03-21 10:33:13'),
(68, 265, 61, '2019-03-14 04:37:16'),
(69, 279, 2, '2019-01-30 19:05:52'),
(70, 89, 16, '2019-01-10 01:28:32'),
(71, 124, 4, '2019-01-14 08:22:26'),
(72, 58, 52, '2019-02-07 20:55:53'),
(73, 234, 41, '2018-12-27 21:56:42'),
(74, 254, 5, '2019-03-07 09:48:27'),
(75, 266, 55, '2019-02-19 20:39:22'),
(76, 158, 11, '2019-01-11 06:36:53'),
(77, 188, 9, '2019-01-21 06:44:30'),
(78, 32, 59, '2018-12-25 07:37:05'),
(79, 133, 40, '2019-01-23 00:28:28'),
(80, 127, 31, '2019-02-26 23:53:50'),
(81, 111, 33, '2019-03-01 15:39:03'),
(82, 148, 31, '2019-03-15 18:47:08'),
(83, 113, 18, '2019-02-28 03:52:54'),
(84, 167, 41, '2019-02-11 22:31:30'),
(85, 169, 29, '2019-03-12 21:35:18'),
(86, 177, 29, '2019-03-12 23:23:53'),
(87, 134, 12, '2019-01-29 06:57:44'),
(88, 46, 50, '2019-03-04 22:35:54'),
(89, 10, 48, '2019-03-08 02:25:48'),
(90, 28, 48, '2019-01-17 16:53:27'),
(91, 259, 3, '2019-02-24 08:38:03'),
(92, 119, 23, '2019-01-05 18:26:14'),
(93, 78, 2, '2019-03-12 02:33:46'),
(94, 251, 40, '2019-01-31 16:50:54'),
(95, 224, 47, '2019-03-03 22:47:51'),
(96, 93, 12, '2019-01-05 11:42:00'),
(97, 272, 30, '2019-01-03 21:10:44'),
(98, 146, 58, '2019-02-24 03:59:22'),
(99, 141, 61, '2019-02-04 21:26:58'),
(100, 85, 22, '2018-12-21 12:57:31'),
(101, 213, 8, '2019-02-07 03:22:46'),
(102, 81, 24, '2019-02-04 09:07:16'),
(103, 185, 23, '2019-03-11 17:54:11'),
(104, 213, 43, '2019-02-26 23:56:22'),
(105, 97, 53, '2019-02-28 22:04:00'),
(106, 55, 25, '2019-03-06 09:45:16'),
(107, 261, 31, '2019-02-27 01:31:56'),
(108, 241, 48, '2019-01-28 17:21:40'),
(109, 272, 25, '2019-03-01 22:55:54'),
(110, 74, 40, '2019-01-07 10:51:17'),
(111, 268, 41, '2019-03-16 01:00:14'),
(112, 238, 12, '2019-02-13 07:07:34'),
(113, 242, 47, '2019-02-21 07:09:31'),
(114, 16, 55, '2019-01-01 03:52:49'),
(115, 37, 4, '2019-03-12 17:26:45'),
(116, 77, 11, '2019-02-13 07:25:30'),
(117, 56, 30, '2019-02-18 12:45:20'),
(118, 226, 55, '2019-01-28 20:16:28'),
(119, 146, 4, '2019-01-24 03:24:31'),
(120, 55, 32, '2019-02-01 21:30:44'),
(121, 12, 23, '2019-03-08 05:38:24'),
(122, 230, 25, '2019-02-14 13:03:08'),
(123, 135, 54, '2019-03-09 18:41:47'),
(124, 91, 9, '2019-03-10 12:19:14'),
(125, 168, 4, '2019-02-27 22:20:19'),
(126, 248, 7, '2019-03-09 03:38:16'),
(127, 41, 60, '2019-02-28 16:38:24'),
(128, 250, 24, '2019-02-18 05:23:11'),
(129, 24, 60, '2019-01-16 16:48:26'),
(130, 170, 5, '2018-12-31 22:22:49'),
(131, 186, 46, '2019-01-30 20:47:04'),
(132, 232, 23, '2018-12-25 14:56:45'),
(133, 289, 17, '2018-12-27 10:12:47'),
(134, 284, 24, '2019-01-26 07:25:04'),
(135, 123, 47, '2019-02-27 08:47:30'),
(136, 123, 9, '2018-12-28 02:20:52'),
(137, 191, 38, '2019-02-03 07:57:57'),
(138, 56, 20, '2019-02-01 02:24:10'),
(139, 39, 50, '2019-02-08 11:12:14'),
(140, 25, 24, '2019-02-01 08:13:20'),
(141, 43, 2, '2018-12-26 00:18:06'),
(142, 109, 20, '2019-03-17 14:46:13'),
(143, 125, 27, '2019-01-23 11:30:57'),
(144, 247, 11, '2019-01-20 17:25:25'),
(145, 90, 7, '2019-03-19 01:50:17'),
(146, 100, 33, '2019-01-04 22:07:09'),
(147, 283, 27, '2019-01-25 15:19:15'),
(148, 187, 26, '2019-03-17 11:11:37'),
(149, 219, 40, '2019-02-04 19:39:10'),
(150, 56, 6, '2019-01-20 17:15:21'),
(151, 109, 58, '2018-12-27 18:54:50'),
(152, 223, 36, '2019-02-17 10:18:43'),
(153, 41, 3, '2019-01-26 06:54:19'),
(154, 223, 60, '2018-12-25 08:50:46'),
(155, 158, 6, '2019-03-10 09:09:01'),
(156, 71, 25, '2019-03-11 16:54:36'),
(157, 35, 24, '2019-02-06 09:41:39'),
(158, 235, 50, '2019-03-10 23:49:31'),
(159, 26, 32, '2019-01-24 00:46:17'),
(160, 294, 13, '2018-12-26 02:08:43'),
(161, 16, 18, '2018-12-30 05:52:09'),
(162, 168, 56, '2019-01-26 06:52:01'),
(163, 117, 10, '2019-02-07 05:04:22'),
(164, 178, 30, '2018-12-24 08:53:55'),
(165, 190, 56, '2018-12-31 14:20:32'),
(166, 50, 3, '2019-03-14 03:29:15'),
(167, 77, 29, '2019-01-30 20:57:20'),
(168, 161, 8, '2019-02-01 08:38:38'),
(169, 34, 60, '2019-02-19 17:48:58'),
(170, 106, 28, '2019-01-31 03:02:27'),
(171, 293, 23, '2019-02-28 20:25:08'),
(172, 291, 58, '2019-02-16 15:03:36'),
(173, 112, 5, '2019-03-12 01:30:04'),
(174, 265, 41, '2019-01-28 15:58:33'),
(175, 45, 10, '2019-03-01 03:53:34'),
(176, 170, 39, '2019-02-09 23:42:41'),
(177, 221, 7, '2019-03-01 21:59:13'),
(178, 220, 16, '2019-02-06 13:40:40'),
(179, 220, 59, '2019-02-25 13:01:47'),
(180, 262, 7, '2019-02-16 22:15:13'),
(181, 154, 40, '2019-02-26 14:24:37'),
(182, 242, 21, '2019-02-22 06:38:47'),
(183, 97, 40, '2019-01-12 13:23:11'),
(184, 279, 22, '2019-02-01 16:53:50'),
(185, 240, 42, '2019-01-11 23:49:26'),
(186, 252, 15, '2018-12-29 11:06:02'),
(187, 153, 18, '2019-03-10 17:01:02'),
(188, 29, 30, '2019-03-15 15:54:18'),
(189, 199, 54, '2018-12-29 12:54:46'),
(190, 208, 49, '2019-02-27 01:43:02'),
(191, 227, 31, '2019-02-21 11:46:38'),
(192, 158, 30, '2019-01-16 20:34:57'),
(193, 271, 20, '2019-01-13 01:15:21'),
(194, 12, 46, '2019-03-18 19:18:37'),
(195, 135, 6, '2019-02-15 18:12:56'),
(196, 95, 5, '2019-02-24 15:21:38'),
(197, 196, 56, '2019-02-27 23:51:22'),
(198, 61, 12, '2019-02-27 08:33:29'),
(199, 283, 38, '2018-12-29 01:27:03'),
(200, 120, 6, '2018-12-27 04:23:04'),
(201, 39, 1, '2019-02-18 12:29:51'),
(202, 35, 14, '2019-02-04 10:11:28'),
(203, 233, 50, '2019-03-07 10:01:17'),
(204, 60, 36, '2019-03-15 02:34:21'),
(205, 189, 11, '2019-02-21 21:25:36'),
(206, 131, 44, '2019-01-30 21:38:25'),
(207, 199, 3, '2019-01-22 03:52:50'),
(208, 118, 4, '2019-01-31 12:50:48'),
(209, 90, 31, '2018-12-28 12:06:43'),
(210, 80, 29, '2019-03-05 20:43:33'),
(211, 81, 42, '2019-02-24 03:39:46'),
(212, 48, 61, '2019-01-05 02:34:33'),
(213, 259, 10, '2019-03-06 16:42:14'),
(214, 239, 45, '2018-12-30 22:51:12'),
(215, 262, 16, '2018-12-28 16:08:50'),
(216, 143, 30, '2019-01-23 13:08:09'),
(217, 134, 34, '2019-03-11 12:18:35'),
(218, 300, 23, '2019-02-07 03:03:33'),
(219, 206, 2, '2019-03-05 12:06:32'),
(220, 153, 58, '2019-01-24 15:30:01'),
(221, 38, 25, '2019-02-23 21:01:42'),
(222, 170, 2, '2019-02-01 21:02:04'),
(223, 11, 47, '2019-01-05 10:48:46'),
(224, 262, 28, '2019-02-05 17:46:26'),
(225, 97, 53, '2019-01-08 21:51:22'),
(226, 76, 9, '2019-03-04 11:41:38'),
(227, 216, 9, '2019-02-09 21:56:52'),
(228, 259, 17, '2019-03-20 00:05:37'),
(229, 247, 51, '2019-03-18 19:56:49'),
(230, 271, 17, '2019-03-04 09:09:01'),
(231, 286, 53, '2019-02-12 10:11:51'),
(232, 253, 51, '2019-01-20 14:47:31'),
(233, 66, 34, '2019-03-17 02:09:18'),
(234, 59, 3, '2018-12-23 18:06:07'),
(235, 51, 12, '2019-02-13 14:12:41'),
(236, 31, 15, '2019-01-27 15:47:35'),
(237, 252, 49, '2018-12-31 05:43:15'),
(238, 179, 50, '2019-03-14 03:41:11'),
(239, 107, 22, '2019-01-02 17:40:24'),
(240, 275, 40, '2019-01-22 18:01:41'),
(241, 95, 38, '2019-01-20 04:12:31'),
(242, 217, 18, '2019-02-24 01:57:25'),
(243, 120, 22, '2019-03-04 04:55:26'),
(244, 75, 5, '2019-01-19 22:17:12'),
(245, 118, 4, '2019-03-12 18:23:37'),
(246, 247, 4, '2019-01-07 05:48:55'),
(247, 204, 31, '2018-12-30 04:24:58'),
(248, 120, 46, '2018-12-23 04:09:19'),
(249, 23, 34, '2019-02-01 23:30:38'),
(250, 70, 5, '2019-02-22 09:04:52'),
(251, 4, 38, '2019-03-09 04:58:16'),
(252, 293, 43, '2019-01-08 08:19:06'),
(253, 91, 32, '2019-01-21 11:08:31'),
(254, 103, 43, '2019-02-25 03:56:09'),
(255, 275, 41, '2019-02-21 01:21:10'),
(256, 1, 5, '2019-02-11 18:56:50'),
(257, 237, 37, '2019-02-12 02:29:57'),
(258, 109, 38, '2019-03-15 00:25:50'),
(259, 299, 51, '2018-12-30 04:11:25'),
(260, 94, 40, '2018-12-22 15:54:48'),
(261, 299, 57, '2019-03-20 04:59:37'),
(262, 213, 6, '2019-02-24 20:19:33'),
(263, 123, 14, '2019-02-02 08:26:42'),
(264, 16, 20, '2019-01-12 12:24:09'),
(265, 17, 61, '2019-02-15 17:37:49'),
(266, 221, 38, '2019-01-31 01:37:36'),
(267, 66, 17, '2019-02-08 03:05:56'),
(268, 298, 41, '2019-02-19 22:13:03'),
(269, 176, 4, '2019-01-31 08:26:30'),
(270, 199, 55, '2018-12-23 12:02:50'),
(271, 286, 31, '2019-02-24 13:24:34'),
(272, 144, 15, '2019-01-02 12:15:58'),
(273, 23, 44, '2019-03-07 23:33:10'),
(274, 202, 28, '2019-02-26 04:24:05'),
(275, 51, 41, '2019-03-01 11:29:30'),
(276, 196, 58, '2019-01-29 21:57:44'),
(277, 75, 56, '2019-02-28 08:48:26'),
(278, 104, 5, '2019-01-11 17:23:33'),
(279, 130, 22, '2019-01-28 13:21:31'),
(280, 49, 44, '2018-12-28 19:08:00'),
(281, 93, 60, '2019-01-02 21:39:44'),
(282, 204, 24, '2018-12-25 13:37:03'),
(283, 49, 22, '2019-02-04 10:42:11'),
(284, 152, 30, '2019-03-20 23:12:50'),
(285, 136, 51, '2019-02-09 04:17:56'),
(286, 136, 50, '2019-03-21 11:43:34'),
(287, 48, 53, '2019-03-16 02:54:40'),
(288, 268, 17, '2019-03-03 19:51:44'),
(289, 297, 53, '2019-03-08 03:05:03'),
(290, 103, 31, '2019-01-29 15:34:07'),
(291, 222, 12, '2019-03-12 10:12:11'),
(292, 154, 59, '2019-02-04 19:34:06'),
(293, 30, 38, '2019-03-06 16:35:18'),
(294, 137, 23, '2019-01-29 05:05:38'),
(295, 171, 3, '2018-12-24 01:40:38'),
(296, 175, 29, '2019-02-07 19:10:01'),
(297, 73, 57, '2019-01-22 06:34:49'),
(298, 124, 37, '2019-02-19 06:56:27'),
(299, 150, 60, '2019-02-21 11:30:03'),
(300, 247, 56, '2019-03-19 13:21:25'),
(301, 225, 32, '2019-02-25 08:00:13'),
(302, 98, 39, '2019-01-28 08:07:04'),
(303, 203, 2, '2019-01-19 06:39:06'),
(304, 186, 15, '2019-03-15 19:32:10'),
(305, 93, 56, '2019-02-11 00:08:16'),
(306, 108, 13, '2018-12-24 14:01:59'),
(307, 63, 50, '2019-03-19 07:01:36'),
(308, 242, 23, '2019-01-25 16:19:22'),
(309, 174, 54, '2019-01-18 09:28:54'),
(310, 174, 32, '2019-01-26 11:57:07'),
(311, 230, 2, '2019-01-25 04:16:33'),
(312, 39, 7, '2019-01-13 15:16:09'),
(313, 42, 23, '2019-02-21 12:41:15'),
(314, 39, 6, '2019-02-11 07:57:12'),
(315, 5, 27, '2019-01-26 00:26:43'),
(316, 199, 22, '2019-02-25 13:51:38'),
(317, 139, 41, '2019-03-14 22:18:29'),
(318, 112, 35, '2019-03-08 01:59:30'),
(319, 194, 20, '2019-02-27 14:11:58'),
(320, 182, 23, '2019-03-16 03:32:22'),
(321, 242, 39, '2019-01-02 02:55:56'),
(322, 23, 45, '2019-02-06 05:35:47'),
(323, 38, 59, '2019-02-18 08:54:25'),
(324, 144, 36, '2019-01-04 10:53:26'),
(325, 98, 23, '2019-02-01 19:19:10'),
(326, 11, 20, '2019-02-13 20:24:37'),
(327, 274, 34, '2018-12-28 17:55:22'),
(328, 208, 41, '2019-02-04 04:25:00'),
(329, 93, 26, '2018-12-28 01:37:49'),
(330, 226, 22, '2019-02-03 08:34:31'),
(331, 110, 42, '2019-01-15 05:17:59'),
(332, 4, 30, '2018-12-22 03:48:10'),
(333, 195, 25, '2019-03-01 18:19:15'),
(334, 266, 4, '2019-01-29 15:29:12'),
(335, 282, 5, '2019-01-26 07:50:15'),
(336, 18, 34, '2019-02-02 23:24:05'),
(337, 279, 18, '2019-03-05 16:23:29'),
(338, 159, 24, '2019-03-05 17:50:31'),
(339, 31, 28, '2018-12-21 21:27:48'),
(340, 238, 7, '2019-03-03 06:01:28'),
(341, 206, 17, '2018-12-24 06:42:09'),
(342, 101, 40, '2019-02-04 18:05:38'),
(343, 98, 40, '2019-01-02 03:45:38'),
(344, 114, 31, '2019-03-02 20:51:01'),
(345, 154, 20, '2019-01-05 22:23:38'),
(346, 90, 57, '2019-03-03 10:16:58'),
(347, 78, 19, '2018-12-25 22:15:11'),
(348, 212, 30, '2019-02-16 20:22:28'),
(349, 260, 32, '2019-03-05 19:44:31'),
(350, 62, 1, '2019-02-21 19:01:23'),
(351, 20, 55, '2019-01-08 11:59:36'),
(352, 72, 18, '2019-03-09 04:40:42'),
(353, 210, 57, '2019-01-03 03:01:43'),
(354, 61, 1, '2018-12-28 20:00:22'),
(355, 285, 14, '2019-01-23 05:45:31'),
(356, 230, 23, '2019-02-13 02:21:31'),
(357, 222, 27, '2019-03-06 00:06:37'),
(358, 55, 28, '2019-02-05 22:15:24'),
(359, 285, 11, '2018-12-30 18:19:16'),
(360, 268, 54, '2019-03-17 11:15:05'),
(361, 275, 45, '2019-01-18 19:19:55'),
(362, 104, 19, '2019-03-16 14:47:14'),
(363, 1, 27, '2019-02-10 19:34:35'),
(364, 216, 17, '2019-01-01 09:06:53'),
(365, 39, 18, '2019-02-12 19:48:42'),
(366, 179, 21, '2018-12-23 10:33:08'),
(367, 254, 18, '2019-02-03 14:06:59'),
(368, 19, 31, '2019-03-16 07:40:08'),
(369, 296, 2, '2019-03-01 02:30:51'),
(370, 264, 48, '2019-03-02 05:22:31'),
(371, 193, 38, '2019-03-17 10:25:19'),
(372, 101, 14, '2019-02-02 23:26:52'),
(373, 137, 44, '2019-01-18 03:44:55'),
(374, 156, 41, '2018-12-26 14:20:31'),
(375, 188, 9, '2019-03-08 10:39:01'),
(376, 218, 46, '2019-01-04 21:09:37'),
(377, 162, 1, '2019-02-16 10:59:00'),
(378, 250, 30, '2019-03-12 16:35:46'),
(379, 70, 25, '2019-03-13 05:39:02'),
(380, 287, 36, '2018-12-22 19:55:41'),
(381, 60, 37, '2019-02-15 05:33:51'),
(382, 102, 32, '2019-01-06 16:38:55'),
(383, 44, 36, '2019-01-26 07:32:27'),
(384, 116, 45, '2019-01-21 10:42:28'),
(385, 298, 39, '2019-03-18 11:38:24'),
(386, 33, 18, '2019-02-22 00:38:54'),
(387, 150, 45, '2019-02-17 13:55:30'),
(388, 182, 26, '2019-02-26 17:53:14'),
(389, 32, 39, '2019-01-23 06:25:17'),
(390, 103, 36, '2019-01-03 22:37:40'),
(391, 67, 39, '2018-12-29 10:32:44'),
(392, 40, 27, '2019-01-26 12:59:33'),
(393, 169, 55, '2019-03-16 08:07:39'),
(394, 78, 43, '2019-01-09 20:45:44'),
(395, 286, 20, '2019-02-08 17:09:04'),
(396, 185, 42, '2019-02-22 10:01:42'),
(397, 224, 33, '2019-02-23 00:27:22'),
(398, 92, 33, '2019-03-15 11:40:41'),
(399, 202, 5, '2019-03-18 22:06:17'),
(400, 295, 57, '2019-01-07 01:25:00'),
(401, 273, 38, '2019-03-10 11:06:41'),
(402, 76, 9, '2019-03-20 15:51:57'),
(403, 242, 40, '2019-03-11 13:02:05'),
(404, 30, 19, '2018-12-24 20:19:58'),
(405, 262, 1, '2019-03-20 18:29:43'),
(406, 53, 33, '2019-02-13 13:25:58'),
(407, 120, 11, '2019-01-24 12:07:02'),
(408, 145, 9, '2019-03-09 09:09:05'),
(409, 82, 33, '2018-12-31 03:53:57'),
(410, 214, 16, '2019-03-04 09:27:09'),
(411, 259, 59, '2018-12-29 02:03:52'),
(412, 32, 32, '2019-01-25 14:20:52'),
(413, 108, 10, '2019-01-28 19:29:32'),
(414, 87, 29, '2019-02-24 20:19:15'),
(415, 211, 18, '2019-03-12 08:45:30'),
(416, 153, 51, '2019-03-10 06:30:07'),
(417, 266, 31, '2019-01-04 09:55:18'),
(418, 224, 41, '2018-12-26 13:11:33'),
(419, 185, 34, '2019-02-14 01:59:21'),
(420, 159, 6, '2019-01-20 07:32:42'),
(421, 101, 6, '2019-02-02 16:36:58'),
(422, 203, 18, '2019-01-05 09:47:53'),
(423, 201, 15, '2019-03-12 05:00:48'),
(424, 124, 58, '2019-03-01 03:13:25'),
(425, 34, 10, '2019-03-20 20:50:30'),
(426, 42, 48, '2019-03-12 03:04:57'),
(427, 79, 48, '2019-02-26 13:14:58'),
(428, 284, 15, '2019-03-14 20:06:40'),
(429, 54, 45, '2019-01-25 07:26:22'),
(430, 204, 22, '2019-01-20 20:34:23'),
(431, 36, 9, '2019-03-13 19:05:08'),
(432, 83, 45, '2019-01-03 07:33:52'),
(433, 135, 37, '2019-01-15 06:50:16'),
(434, 132, 51, '2019-03-13 06:02:49'),
(435, 6, 32, '2019-01-30 21:11:23'),
(436, 246, 10, '2019-02-28 06:37:07'),
(437, 165, 3, '2019-03-10 05:52:05'),
(438, 16, 5, '2019-02-25 22:31:04'),
(439, 195, 24, '2019-01-22 11:35:25'),
(440, 250, 20, '2019-01-03 14:49:43'),
(441, 37, 48, '2019-02-18 05:48:23'),
(442, 284, 43, '2019-03-11 10:51:23'),
(443, 163, 57, '2019-01-07 02:39:25'),
(444, 183, 8, '2019-03-14 17:33:27'),
(445, 263, 43, '2019-01-31 11:27:33'),
(446, 14, 23, '2019-01-25 07:27:38'),
(447, 243, 31, '2019-03-08 10:50:32'),
(448, 296, 1, '2019-01-18 02:02:31'),
(449, 155, 23, '2019-01-19 04:44:56'),
(450, 177, 53, '2019-02-20 20:59:03'),
(451, 144, 56, '2019-01-18 10:58:14'),
(452, 83, 9, '2019-03-05 17:54:32'),
(453, 238, 11, '2019-03-12 08:22:30'),
(454, 263, 52, '2019-02-28 13:01:51'),
(455, 203, 60, '2019-01-13 18:14:53'),
(456, 110, 20, '2019-03-12 07:48:06'),
(457, 55, 29, '2019-02-23 14:35:38'),
(458, 160, 59, '2019-02-08 14:43:30'),
(459, 227, 7, '2019-02-24 03:01:45'),
(460, 93, 32, '2019-01-02 07:01:47'),
(461, 46, 7, '2019-02-24 18:39:20'),
(462, 83, 24, '2019-01-22 23:54:06'),
(463, 96, 31, '2019-02-24 04:42:27'),
(464, 40, 23, '2019-02-21 00:27:07'),
(465, 250, 13, '2018-12-27 23:11:35'),
(466, 277, 12, '2019-02-10 07:17:06'),
(467, 129, 13, '2019-03-15 18:33:28'),
(468, 199, 6, '2019-02-12 04:06:51'),
(469, 106, 38, '2019-01-26 02:04:32'),
(470, 33, 40, '2019-02-13 22:41:30'),
(471, 299, 24, '2019-01-05 23:01:21'),
(472, 206, 16, '2019-02-28 12:30:59'),
(473, 170, 39, '2018-12-31 20:25:06'),
(474, 8, 33, '2018-12-28 21:02:36'),
(475, 214, 35, '2018-12-22 23:39:10'),
(476, 183, 20, '2019-01-04 18:58:51'),
(477, 104, 2, '2019-01-03 10:40:15'),
(478, 278, 17, '2019-01-17 04:59:59'),
(479, 274, 45, '2019-02-23 05:04:22'),
(480, 170, 55, '2019-01-29 12:40:05'),
(481, 58, 36, '2019-02-09 05:20:23'),
(482, 1, 49, '2018-12-26 16:50:45'),
(483, 92, 3, '2018-12-30 19:31:56'),
(484, 59, 61, '2019-01-07 23:28:46'),
(485, 80, 1, '2019-01-12 15:46:58'),
(486, 153, 30, '2019-02-24 04:19:20'),
(487, 123, 46, '2019-03-04 15:20:17'),
(488, 232, 28, '2019-03-11 14:05:12'),
(489, 180, 11, '2019-02-25 13:10:52'),
(490, 136, 59, '2019-03-14 22:53:43'),
(491, 260, 26, '2019-03-14 10:03:38'),
(492, 46, 23, '2019-03-05 01:53:47'),
(493, 150, 45, '2018-12-31 15:45:39'),
(494, 81, 23, '2019-01-14 00:13:43'),
(495, 149, 6, '2019-01-12 16:02:45'),
(496, 291, 24, '2019-01-14 18:44:32'),
(497, 15, 34, '2019-03-13 03:04:27'),
(498, 292, 7, '2019-03-09 05:15:06'),
(499, 1, 20, '2019-02-20 08:09:51'),
(500, 138, 48, '2019-02-01 19:52:19'),
(501, 147, 60, '2019-01-17 05:24:18'),
(502, 138, 54, '2019-02-27 21:33:12'),
(503, 123, 44, '2019-02-12 09:23:42'),
(504, 262, 42, '2019-01-23 13:36:31'),
(505, 203, 49, '2019-01-19 18:47:52'),
(506, 179, 58, '2019-03-16 09:44:33'),
(507, 194, 53, '2018-12-26 23:38:19'),
(508, 132, 47, '2019-03-15 02:08:57'),
(509, 99, 51, '2019-03-18 11:58:42'),
(510, 281, 37, '2019-01-27 02:50:57'),
(511, 215, 58, '2019-03-08 03:27:09'),
(512, 232, 23, '2018-12-29 05:56:29'),
(513, 90, 22, '2019-01-10 12:59:12'),
(514, 254, 55, '2019-03-14 20:58:47'),
(515, 173, 54, '2019-01-20 12:26:32'),
(516, 125, 24, '2019-03-20 07:34:31'),
(517, 108, 58, '2019-01-10 10:56:49'),
(518, 223, 43, '2019-01-24 03:39:27'),
(519, 185, 42, '2019-01-21 06:18:59'),
(520, 300, 6, '2019-01-06 20:10:54'),
(521, 111, 15, '2019-01-10 15:03:29'),
(522, 95, 29, '2019-01-11 05:38:07'),
(523, 115, 53, '2019-01-11 17:37:25'),
(524, 179, 57, '2019-02-01 10:48:45'),
(525, 86, 49, '2019-01-25 23:05:01'),
(526, 136, 22, '2019-01-19 07:12:44'),
(527, 42, 21, '2019-02-14 00:39:39'),
(528, 143, 16, '2019-03-03 04:28:41'),
(529, 239, 14, '2019-01-09 16:34:38'),
(530, 1, 10, '2019-02-27 08:53:48'),
(531, 6, 12, '2019-01-31 17:16:25'),
(532, 256, 34, '2018-12-27 01:11:39'),
(533, 295, 34, '2019-03-19 21:29:54'),
(534, 212, 6, '2019-03-13 23:40:20'),
(535, 281, 26, '2019-02-16 07:27:35'),
(536, 92, 46, '2019-03-18 12:11:50'),
(537, 267, 21, '2019-02-02 09:27:15'),
(538, 272, 58, '2019-01-22 03:01:28'),
(539, 90, 36, '2019-02-08 22:39:53'),
(540, 248, 40, '2019-03-09 07:28:26'),
(541, 287, 39, '2019-01-27 02:44:43'),
(542, 289, 44, '2019-01-09 22:10:08'),
(543, 250, 57, '2019-01-30 11:21:56'),
(544, 114, 13, '2019-03-17 16:48:23'),
(545, 281, 52, '2019-01-03 23:51:36'),
(546, 206, 9, '2019-02-14 14:11:36'),
(547, 103, 28, '2019-01-13 00:17:03'),
(548, 120, 43, '2019-01-29 09:18:36'),
(549, 292, 21, '2018-12-25 03:59:54'),
(550, 79, 50, '2019-01-18 02:23:28'),
(551, 51, 13, '2019-02-06 18:37:04'),
(552, 55, 30, '2019-01-09 15:08:17'),
(553, 121, 15, '2019-01-31 03:09:23'),
(554, 106, 45, '2019-01-25 05:19:30'),
(555, 30, 57, '2019-01-21 22:03:31'),
(556, 64, 10, '2019-01-31 23:31:15'),
(557, 297, 39, '2019-03-19 13:29:57'),
(558, 160, 53, '2019-01-02 21:18:21'),
(559, 285, 29, '2019-01-22 14:04:36'),
(560, 19, 32, '2019-02-10 15:32:39'),
(561, 132, 38, '2019-02-24 00:28:22'),
(562, 164, 23, '2019-03-14 07:59:16'),
(563, 241, 15, '2019-03-14 16:34:51'),
(564, 137, 28, '2019-03-11 03:33:30'),
(565, 294, 29, '2019-03-05 18:31:33'),
(566, 106, 43, '2019-03-16 02:26:16'),
(567, 288, 45, '2019-01-25 04:03:29'),
(568, 6, 53, '2019-01-08 07:54:41'),
(569, 222, 61, '2019-03-06 20:17:33'),
(570, 116, 33, '2019-03-08 05:41:42'),
(571, 33, 35, '2019-01-17 03:53:08'),
(572, 271, 11, '2019-01-25 19:29:32'),
(573, 76, 15, '2019-01-04 23:57:41'),
(574, 14, 32, '2019-01-08 00:24:36'),
(575, 52, 39, '2019-02-05 02:10:49'),
(576, 21, 14, '2019-01-09 04:42:20'),
(577, 272, 12, '2019-03-01 05:13:14'),
(578, 266, 45, '2019-01-21 22:12:06'),
(579, 47, 35, '2019-02-28 07:26:18'),
(580, 190, 23, '2019-03-11 22:04:23'),
(581, 114, 41, '2019-03-19 23:26:35'),
(582, 140, 9, '2019-03-09 11:11:44'),
(583, 105, 5, '2019-01-24 16:06:28'),
(584, 73, 32, '2019-02-28 02:30:07'),
(585, 44, 47, '2019-01-11 18:33:10'),
(586, 227, 14, '2019-01-31 17:29:38'),
(587, 148, 30, '2019-03-04 21:29:06'),
(588, 24, 31, '2019-03-19 17:53:53'),
(589, 103, 47, '2019-02-28 06:12:12'),
(590, 42, 49, '2018-12-29 21:54:17'),
(591, 297, 40, '2018-12-25 18:44:21'),
(592, 108, 11, '2019-03-16 12:24:53'),
(593, 299, 5, '2019-02-25 17:00:13'),
(594, 51, 50, '2019-03-17 17:55:38'),
(595, 71, 60, '2019-03-02 23:19:30'),
(596, 37, 34, '2018-12-24 18:40:11'),
(597, 97, 23, '2019-03-05 00:18:27'),
(598, 82, 47, '2019-02-14 04:09:41'),
(599, 87, 36, '2019-01-18 06:57:51'),
(600, 222, 24, '2018-12-26 18:51:45'),
(601, 290, 37, '2019-01-16 15:27:02'),
(602, 138, 10, '2019-03-03 22:00:42'),
(603, 124, 5, '2019-02-10 21:56:11'),
(604, 59, 52, '2019-03-17 05:18:27'),
(605, 56, 32, '2019-03-10 01:32:34'),
(606, 133, 18, '2019-03-07 01:16:40'),
(607, 188, 39, '2019-03-16 01:38:01'),
(608, 28, 3, '2019-02-15 23:23:52'),
(609, 279, 13, '2019-01-08 01:47:11'),
(610, 218, 2, '2018-12-25 01:59:54'),
(611, 197, 10, '2019-02-24 19:08:32'),
(612, 163, 22, '2019-03-16 21:02:54'),
(613, 195, 18, '2019-01-23 13:06:03'),
(614, 115, 12, '2018-12-22 05:57:28'),
(615, 51, 54, '2019-03-05 00:27:19'),
(616, 9, 27, '2019-01-29 09:42:56'),
(617, 57, 28, '2019-02-19 03:07:45'),
(618, 72, 41, '2018-12-31 03:47:18'),
(619, 196, 35, '2019-02-10 09:45:12'),
(620, 61, 8, '2019-01-12 07:47:31'),
(621, 136, 20, '2018-12-30 03:47:51'),
(622, 137, 36, '2019-03-14 23:42:54'),
(623, 98, 17, '2019-01-05 00:27:01'),
(624, 75, 7, '2019-02-22 17:12:16'),
(625, 278, 39, '2019-03-01 17:55:04'),
(626, 39, 26, '2019-01-17 00:20:50'),
(627, 50, 60, '2019-01-29 18:17:11'),
(628, 53, 56, '2019-03-01 08:44:40'),
(629, 30, 5, '2019-01-03 03:30:15'),
(630, 99, 3, '2019-02-13 08:37:37'),
(631, 220, 24, '2018-12-25 03:16:06'),
(632, 162, 53, '2019-02-11 17:20:56'),
(633, 117, 41, '2019-01-11 06:57:08'),
(634, 100, 7, '2019-02-02 00:45:49'),
(635, 134, 26, '2018-12-29 11:11:50'),
(636, 80, 19, '2019-01-04 05:24:30'),
(637, 102, 20, '2019-03-13 17:06:41'),
(638, 136, 21, '2018-12-23 21:22:11'),
(639, 284, 3, '2019-02-02 05:32:51'),
(640, 136, 52, '2019-03-18 19:34:17'),
(641, 33, 3, '2018-12-30 05:16:14'),
(642, 245, 6, '2019-02-15 23:24:07'),
(643, 239, 52, '2019-03-01 13:32:25'),
(644, 212, 59, '2019-03-01 09:14:00'),
(645, 46, 27, '2019-03-04 14:35:23'),
(646, 203, 58, '2018-12-23 20:36:55'),
(647, 106, 40, '2019-03-12 09:04:48'),
(648, 270, 29, '2019-01-10 20:06:51'),
(649, 141, 41, '2019-01-02 15:48:52'),
(650, 86, 7, '2019-01-29 16:32:13'),
(651, 73, 19, '2019-02-03 05:45:30'),
(652, 63, 7, '2019-02-13 09:20:56'),
(653, 142, 30, '2019-03-06 20:43:59'),
(654, 201, 39, '2019-01-24 21:01:41'),
(655, 92, 56, '2019-01-20 14:06:16'),
(656, 192, 1, '2019-02-04 03:46:43'),
(657, 168, 51, '2019-03-06 19:51:17'),
(658, 153, 23, '2019-01-13 18:46:22'),
(659, 68, 10, '2019-03-16 13:21:18'),
(660, 74, 23, '2019-01-11 08:26:43'),
(661, 95, 16, '2019-01-16 08:05:50'),
(662, 256, 18, '2019-01-07 21:06:30'),
(663, 100, 35, '2019-03-16 04:23:11'),
(664, 44, 34, '2019-03-08 05:23:37'),
(665, 259, 45, '2019-02-15 22:48:41'),
(666, 161, 8, '2019-02-25 13:40:18'),
(667, 113, 19, '2019-02-04 19:58:09'),
(668, 27, 20, '2019-01-28 07:20:45'),
(669, 25, 39, '2019-01-03 06:21:42'),
(670, 126, 14, '2019-03-15 10:18:34'),
(671, 29, 33, '2019-02-13 22:40:02'),
(672, 283, 22, '2019-02-20 00:06:37'),
(673, 218, 60, '2019-01-16 11:12:28'),
(674, 233, 40, '2019-01-13 22:57:15'),
(675, 173, 26, '2019-01-13 18:46:32'),
(676, 103, 26, '2019-03-11 06:12:55'),
(677, 7, 23, '2019-01-27 21:59:18'),
(678, 86, 16, '2019-03-17 18:22:24'),
(679, 241, 21, '2019-03-03 10:29:11'),
(680, 188, 57, '2019-01-07 00:48:56'),
(681, 65, 54, '2019-01-01 13:02:58'),
(682, 288, 13, '2019-03-18 17:04:28'),
(683, 194, 9, '2018-12-22 10:16:51'),
(684, 227, 51, '2019-02-25 17:21:05'),
(685, 257, 8, '2019-02-15 01:26:39'),
(686, 86, 59, '2019-01-03 11:25:08'),
(687, 108, 48, '2019-01-31 04:31:18'),
(688, 285, 10, '2019-03-18 02:06:18'),
(689, 269, 56, '2019-03-03 05:45:53'),
(690, 83, 46, '2019-02-05 23:03:50'),
(691, 96, 5, '2019-02-14 16:13:42'),
(692, 156, 42, '2019-02-03 20:36:19'),
(693, 173, 12, '2019-01-26 00:33:32'),
(694, 67, 18, '2019-01-23 20:12:46'),
(695, 230, 49, '2018-12-24 15:06:34'),
(696, 36, 56, '2019-01-06 23:33:26'),
(697, 253, 47, '2019-02-03 13:06:35'),
(698, 229, 43, '2019-01-06 09:02:38'),
(699, 198, 47, '2019-01-31 15:33:31'),
(700, 248, 35, '2019-02-01 10:42:27'),
(701, 174, 55, '2019-01-22 01:27:54'),
(702, 178, 45, '2019-01-06 00:34:17'),
(703, 199, 41, '2019-01-11 23:24:44'),
(704, 190, 3, '2019-02-03 22:55:54'),
(705, 228, 9, '2019-02-04 02:04:28'),
(706, 237, 2, '2019-03-16 14:50:28'),
(707, 140, 46, '2019-01-28 01:50:40'),
(708, 214, 11, '2019-02-07 14:55:37'),
(709, 164, 9, '2019-01-01 21:42:32'),
(710, 112, 40, '2019-03-10 03:03:38'),
(711, 113, 38, '2019-01-18 01:43:59'),
(712, 6, 54, '2018-12-27 04:11:18'),
(713, 189, 3, '2019-03-09 10:54:10'),
(714, 284, 22, '2019-02-13 03:50:47'),
(715, 164, 19, '2019-02-14 19:12:28'),
(716, 286, 50, '2019-01-15 21:14:58'),
(717, 111, 59, '2019-03-15 11:29:35'),
(718, 9, 12, '2019-01-24 15:21:43'),
(719, 7, 43, '2019-03-19 14:58:15'),
(720, 166, 50, '2019-01-01 21:20:27'),
(721, 63, 3, '2019-01-02 07:15:53'),
(722, 273, 47, '2019-01-05 14:52:12'),
(723, 69, 43, '2019-02-16 20:54:34'),
(724, 135, 48, '2019-03-21 00:17:22'),
(725, 172, 7, '2018-12-23 16:12:20'),
(726, 227, 17, '2019-01-13 07:02:38'),
(727, 299, 48, '2018-12-27 14:10:46'),
(728, 10, 37, '2018-12-25 17:28:57'),
(729, 278, 54, '2019-03-09 17:51:31'),
(730, 46, 51, '2019-03-13 07:42:47'),
(731, 43, 20, '2019-03-08 21:13:17'),
(732, 140, 9, '2019-02-07 19:42:15'),
(733, 115, 26, '2019-02-26 12:09:18'),
(734, 145, 61, '2019-03-05 20:37:14'),
(735, 115, 24, '2019-02-06 13:44:49'),
(736, 227, 48, '2019-03-06 10:21:39'),
(737, 211, 59, '2019-01-15 12:24:25'),
(738, 41, 16, '2019-01-11 19:32:14'),
(739, 273, 20, '2019-01-06 19:06:17'),
(740, 255, 15, '2019-03-14 05:56:46'),
(741, 100, 45, '2019-01-26 00:31:33'),
(742, 3, 59, '2019-02-05 12:29:18'),
(743, 117, 61, '2019-01-13 13:41:02'),
(744, 37, 2, '2019-01-21 06:21:23'),
(745, 137, 6, '2018-12-29 20:01:35'),
(746, 285, 18, '2019-02-18 05:26:12'),
(747, 32, 2, '2019-01-12 17:01:11'),
(748, 140, 39, '2019-03-02 09:48:29'),
(749, 187, 20, '2019-03-11 05:32:54'),
(750, 268, 29, '2019-03-12 00:26:39'),
(751, 190, 11, '2019-03-12 18:59:46'),
(752, 172, 18, '2019-03-18 21:36:33'),
(753, 132, 25, '2019-01-18 19:07:40'),
(754, 117, 5, '2019-03-06 20:21:08'),
(755, 30, 28, '2019-03-09 06:19:36'),
(756, 167, 34, '2018-12-23 05:46:51'),
(757, 248, 20, '2019-02-28 11:35:30'),
(758, 121, 33, '2019-03-01 01:20:27'),
(759, 101, 45, '2019-01-18 11:12:16'),
(760, 10, 23, '2019-02-06 20:38:54'),
(761, 135, 45, '2019-01-08 13:54:38'),
(762, 219, 33, '2019-01-02 15:25:07'),
(763, 283, 33, '2019-01-30 18:48:01'),
(764, 71, 1, '2019-03-08 19:38:48'),
(765, 246, 9, '2019-03-02 02:39:46'),
(766, 221, 1, '2019-01-07 11:16:38'),
(767, 8, 56, '2019-03-14 10:43:58'),
(768, 64, 43, '2019-02-23 10:49:35'),
(769, 291, 19, '2019-01-10 03:39:24'),
(770, 161, 47, '2019-02-27 11:10:21'),
(771, 114, 15, '2019-03-19 01:11:35'),
(772, 10, 28, '2019-02-15 07:51:21'),
(773, 145, 37, '2019-02-17 02:27:12'),
(774, 54, 23, '2018-12-29 02:57:10'),
(775, 31, 43, '2018-12-30 20:17:07'),
(776, 66, 3, '2019-02-11 05:12:55'),
(777, 87, 7, '2019-03-06 10:47:09'),
(778, 225, 54, '2019-03-13 21:48:55'),
(779, 123, 50, '2019-01-05 21:43:51'),
(780, 100, 34, '2019-03-09 04:22:24'),
(781, 97, 4, '2019-01-20 07:51:56'),
(782, 97, 12, '2019-02-03 17:47:26'),
(783, 261, 16, '2019-03-06 16:41:34'),
(784, 33, 17, '2018-12-25 22:43:07'),
(785, 143, 10, '2019-01-04 08:38:15'),
(786, 205, 28, '2019-02-22 05:41:51'),
(787, 156, 46, '2019-02-06 13:02:58'),
(788, 150, 29, '2018-12-27 05:19:41'),
(789, 58, 34, '2019-02-24 02:35:17'),
(790, 108, 4, '2019-02-18 14:59:03'),
(791, 148, 51, '2019-01-17 12:00:47'),
(792, 53, 51, '2019-02-18 15:34:10'),
(793, 117, 59, '2019-02-27 21:38:38'),
(794, 2, 23, '2019-02-05 11:42:14'),
(795, 10, 60, '2019-02-10 19:13:56'),
(796, 190, 8, '2019-02-09 05:06:06'),
(797, 100, 41, '2019-02-10 14:59:14'),
(798, 25, 19, '2019-03-05 00:25:40'),
(799, 182, 15, '2019-03-17 08:58:00'),
(800, 7, 28, '2019-02-04 23:09:19'),
(801, 278, 21, '2019-01-02 09:29:23'),
(802, 79, 53, '2019-02-04 12:40:15'),
(803, 253, 40, '2018-12-26 12:42:37'),
(804, 101, 15, '2019-03-02 17:41:22'),
(805, 122, 7, '2019-01-17 09:37:10'),
(806, 88, 8, '2019-03-05 18:51:04'),
(807, 125, 22, '2018-12-24 21:54:05'),
(808, 2, 1, '2019-01-10 18:56:13'),
(809, 8, 26, '2019-01-17 08:15:39'),
(810, 67, 33, '2019-03-09 06:44:11'),
(811, 195, 18, '2019-03-02 21:15:51'),
(812, 45, 41, '2019-03-04 19:47:13'),
(813, 122, 10, '2018-12-26 04:00:16'),
(814, 84, 35, '2019-01-20 17:41:43'),
(815, 88, 34, '2019-01-08 12:53:06'),
(816, 96, 43, '2019-02-07 06:18:12'),
(817, 207, 23, '2019-02-02 11:54:08'),
(818, 62, 7, '2019-02-20 20:18:42'),
(819, 144, 49, '2019-03-17 20:27:59'),
(820, 183, 51, '2019-03-20 20:11:54'),
(821, 26, 40, '2019-02-23 23:34:29'),
(822, 156, 35, '2019-03-05 17:24:41'),
(823, 251, 49, '2019-03-03 06:48:14'),
(824, 140, 61, '2019-02-07 05:12:58'),
(825, 111, 8, '2019-02-04 15:46:47'),
(826, 211, 27, '2019-01-18 18:34:08'),
(827, 117, 4, '2018-12-25 22:22:28'),
(828, 18, 16, '2019-02-07 07:41:25'),
(829, 159, 41, '2019-03-15 02:30:37'),
(830, 293, 36, '2019-02-26 17:41:58'),
(831, 89, 16, '2018-12-23 16:41:55'),
(832, 30, 59, '2018-12-29 00:14:41'),
(833, 222, 35, '2019-02-21 05:19:16'),
(834, 68, 41, '2019-01-03 17:22:45'),
(835, 128, 25, '2019-03-15 21:48:37'),
(836, 117, 26, '2019-03-06 13:37:03'),
(837, 280, 31, '2019-02-26 21:53:23'),
(838, 170, 2, '2019-03-13 23:32:33'),
(839, 143, 11, '2019-03-03 09:39:19'),
(840, 243, 2, '2019-02-24 14:26:59'),
(841, 104, 6, '2019-02-27 17:25:59'),
(842, 224, 10, '2019-01-26 12:57:08'),
(843, 84, 22, '2019-02-21 22:10:22'),
(844, 203, 41, '2019-03-05 18:53:17'),
(845, 134, 26, '2018-12-26 17:49:59'),
(846, 170, 24, '2018-12-28 08:49:47'),
(847, 141, 27, '2019-03-04 21:33:11'),
(848, 283, 59, '2018-12-22 15:25:59'),
(849, 35, 1, '2019-03-18 10:58:31'),
(850, 43, 30, '2019-03-19 23:44:49'),
(851, 177, 16, '2019-02-13 07:54:05'),
(852, 205, 25, '2019-03-13 01:31:04'),
(853, 247, 6, '2018-12-24 21:26:43'),
(854, 210, 55, '2019-02-20 06:09:51'),
(855, 107, 4, '2019-02-25 08:12:22'),
(856, 137, 55, '2019-01-28 06:31:10'),
(857, 105, 47, '2019-03-20 03:41:25'),
(858, 67, 51, '2019-01-26 06:06:14'),
(859, 140, 26, '2019-01-02 22:17:45'),
(860, 2, 20, '2018-12-26 05:21:06'),
(861, 205, 10, '2019-02-08 15:19:28'),
(862, 173, 1, '2019-02-19 04:55:20'),
(863, 38, 46, '2019-01-25 14:16:55'),
(864, 71, 46, '2018-12-23 22:05:08'),
(865, 176, 60, '2019-02-25 08:14:07'),
(866, 77, 61, '2019-03-20 06:57:30'),
(867, 113, 54, '2019-01-13 13:22:40'),
(868, 136, 22, '2018-12-23 10:05:23'),
(869, 65, 56, '2019-01-17 08:25:46'),
(870, 77, 37, '2019-03-19 04:10:29'),
(871, 213, 22, '2019-02-23 05:52:31'),
(872, 224, 13, '2019-02-11 10:25:32'),
(873, 38, 16, '2019-02-14 13:33:02'),
(874, 92, 49, '2019-01-24 03:12:37'),
(875, 136, 53, '2019-01-21 19:24:47'),
(876, 123, 17, '2019-02-25 23:54:32'),
(877, 216, 4, '2019-03-10 10:00:06'),
(878, 16, 38, '2019-01-07 10:32:33'),
(879, 191, 19, '2019-01-17 20:57:39'),
(880, 152, 2, '2019-02-03 08:43:17'),
(881, 265, 26, '2019-02-02 23:47:44'),
(882, 20, 52, '2019-03-03 16:47:17'),
(883, 300, 54, '2019-02-08 13:51:49'),
(884, 100, 18, '2019-01-22 21:38:33'),
(885, 173, 53, '2019-02-25 11:20:17'),
(886, 124, 1, '2019-01-12 02:48:36'),
(887, 161, 40, '2019-01-15 11:01:38'),
(888, 40, 54, '2019-03-19 20:53:10'),
(889, 33, 57, '2019-01-25 08:40:35'),
(890, 15, 40, '2019-03-18 14:52:00'),
(891, 14, 51, '2019-03-10 22:40:09'),
(892, 79, 10, '2019-02-22 15:24:55'),
(893, 173, 29, '2019-01-27 18:57:05'),
(894, 128, 3, '2019-03-09 03:12:57'),
(895, 94, 55, '2019-01-03 23:34:00'),
(896, 129, 3, '2019-02-24 13:22:40'),
(897, 60, 4, '2019-02-23 01:41:54'),
(898, 233, 43, '2019-03-10 13:59:25'),
(899, 36, 17, '2018-12-31 16:52:18'),
(900, 145, 38, '2019-02-10 18:49:45'),
(901, 38, 36, '2018-12-22 19:12:49'),
(902, 78, 34, '2019-01-25 16:14:38'),
(903, 57, 33, '2019-01-14 22:00:05'),
(904, 137, 36, '2019-01-20 09:57:38'),
(905, 213, 36, '2019-03-06 06:33:30'),
(906, 28, 47, '2019-02-08 14:31:12'),
(907, 294, 27, '2019-01-20 18:50:01'),
(908, 115, 35, '2019-03-08 13:39:11'),
(909, 195, 60, '2019-01-16 04:51:33'),
(910, 276, 14, '2018-12-30 11:25:05'),
(911, 111, 2, '2019-01-23 14:41:18'),
(912, 179, 35, '2019-02-21 03:28:23'),
(913, 179, 48, '2019-01-19 13:26:56'),
(914, 283, 8, '2019-02-06 14:03:45'),
(915, 284, 5, '2019-03-03 19:26:37'),
(916, 258, 22, '2019-01-12 16:12:33'),
(917, 49, 51, '2018-12-29 19:25:42'),
(918, 119, 8, '2019-03-04 09:35:57'),
(919, 99, 2, '2019-02-22 03:34:21'),
(920, 19, 9, '2019-01-03 15:12:50'),
(921, 176, 14, '2019-02-04 17:16:44'),
(922, 205, 19, '2019-01-04 08:08:29'),
(923, 145, 49, '2019-03-05 15:19:56'),
(924, 294, 57, '2019-03-20 00:15:50'),
(925, 288, 13, '2019-02-03 18:40:56'),
(926, 10, 37, '2018-12-22 23:18:36'),
(927, 123, 7, '2019-02-03 11:30:26'),
(928, 120, 7, '2019-02-19 02:50:36'),
(929, 166, 52, '2019-03-12 10:42:58'),
(930, 195, 22, '2019-03-20 22:05:13'),
(931, 108, 59, '2019-02-24 10:44:18'),
(932, 161, 60, '2019-03-10 18:52:55'),
(933, 132, 48, '2019-01-01 09:17:33'),
(934, 104, 52, '2019-01-14 09:01:44'),
(935, 246, 21, '2019-03-05 13:46:04'),
(936, 207, 16, '2019-01-26 04:48:09'),
(937, 59, 25, '2019-01-15 06:29:16'),
(938, 71, 33, '2019-02-11 14:40:40'),
(939, 209, 30, '2018-12-25 17:00:32'),
(940, 192, 25, '2019-01-31 05:46:14'),
(941, 46, 59, '2019-01-04 21:20:18'),
(942, 291, 49, '2018-12-22 16:52:36'),
(943, 240, 50, '2019-01-03 10:19:05'),
(944, 157, 22, '2019-02-22 21:05:37'),
(945, 59, 59, '2019-03-02 05:26:16'),
(946, 281, 61, '2019-03-17 11:22:14'),
(947, 53, 42, '2019-01-14 18:26:00'),
(948, 280, 8, '2019-01-05 13:40:29'),
(949, 300, 4, '2019-03-18 18:32:40'),
(950, 93, 55, '2019-02-01 23:17:53'),
(951, 213, 10, '2019-01-22 09:49:18'),
(952, 156, 46, '2018-12-27 19:34:49'),
(953, 226, 59, '2019-03-21 10:35:47'),
(954, 48, 26, '2019-02-13 20:26:02'),
(955, 135, 37, '2018-12-25 21:49:22'),
(956, 151, 24, '2019-01-28 00:34:37'),
(957, 232, 61, '2019-03-19 03:35:32'),
(958, 164, 53, '2018-12-23 03:50:08'),
(959, 142, 3, '2019-02-03 12:04:55'),
(960, 198, 10, '2019-01-09 11:10:10'),
(961, 76, 52, '2019-02-03 14:52:02'),
(962, 149, 36, '2019-02-13 23:21:17'),
(963, 148, 4, '2019-03-18 18:25:18'),
(964, 119, 36, '2019-02-12 04:38:43'),
(965, 227, 32, '2019-02-01 00:15:08'),
(966, 99, 7, '2019-02-05 17:10:19'),
(967, 74, 14, '2019-03-08 12:45:04'),
(968, 289, 8, '2019-01-03 08:04:10'),
(969, 164, 30, '2019-01-21 17:11:44'),
(970, 102, 59, '2019-02-18 03:51:55'),
(971, 156, 47, '2018-12-28 01:23:16'),
(972, 164, 27, '2018-12-24 08:53:55'),
(973, 239, 35, '2019-03-03 04:40:56'),
(974, 137, 55, '2019-03-13 04:40:15'),
(975, 110, 21, '2019-02-13 13:51:49'),
(976, 21, 52, '2019-01-15 01:04:31'),
(977, 5, 47, '2019-03-12 18:08:34'),
(978, 197, 34, '2018-12-31 19:36:09'),
(979, 113, 30, '2019-01-04 02:03:22'),
(980, 205, 19, '2018-12-29 15:16:17'),
(981, 173, 11, '2019-02-25 18:47:44'),
(982, 287, 39, '2019-01-22 00:56:34'),
(983, 171, 50, '2019-03-18 22:47:35'),
(984, 100, 27, '2019-01-25 19:35:24'),
(985, 243, 8, '2018-12-25 04:28:07'),
(986, 58, 56, '2019-03-04 02:29:03'),
(987, 151, 24, '2019-01-10 14:10:52'),
(988, 111, 30, '2019-01-23 13:01:17'),
(989, 170, 12, '2019-03-16 02:23:13'),
(990, 36, 36, '2019-01-19 19:01:23'),
(991, 98, 5, '2019-03-03 14:41:15'),
(992, 209, 51, '2019-02-08 22:40:07'),
(993, 105, 39, '2018-12-25 11:53:05'),
(994, 210, 28, '2019-01-24 14:08:57'),
(995, 105, 40, '2019-02-26 08:32:17'),
(996, 209, 54, '2019-01-29 20:50:02'),
(997, 94, 20, '2019-03-02 05:04:41'),
(998, 84, 25, '2019-01-30 07:31:32'),
(999, 209, 23, '2019-02-01 11:12:05'),
(1000, 143, 25, '2019-01-28 10:32:46'),
(1001, 11, 14, '2019-03-07 19:34:26'),
(1002, 16, 58, '2019-02-15 23:29:47'),
(1003, 267, 56, '2019-03-01 13:36:18'),
(1004, 280, 40, '2018-12-29 15:57:57'),
(1005, 24, 30, '2019-01-30 10:52:05'),
(1006, 166, 5, '2019-01-28 00:06:50'),
(1007, 89, 33, '2019-03-08 09:48:04'),
(1008, 253, 40, '2019-03-04 10:56:15'),
(1009, 76, 42, '2019-01-10 12:47:13'),
(1010, 8, 20, '2019-03-18 23:29:43'),
(1011, 200, 46, '2019-01-13 17:44:40'),
(1012, 37, 16, '2019-03-15 12:59:27'),
(1013, 188, 31, '2019-02-22 18:49:49'),
(1014, 140, 24, '2019-02-15 00:12:59'),
(1015, 295, 17, '2019-01-07 04:52:10'),
(1016, 23, 21, '2019-02-17 03:24:38'),
(1017, 10, 25, '2019-01-18 00:30:31'),
(1018, 61, 55, '2019-01-22 20:04:57'),
(1019, 255, 55, '2019-02-19 23:03:46'),
(1020, 140, 42, '2019-01-23 05:58:02'),
(1021, 268, 5, '2019-01-12 09:29:03'),
(1022, 284, 29, '2019-02-04 00:53:26'),
(1023, 276, 48, '2019-03-20 04:21:55'),
(1024, 13, 8, '2019-02-26 05:33:22'),
(1025, 181, 48, '2019-01-09 12:05:35'),
(1026, 141, 48, '2019-02-26 12:08:37'),
(1027, 148, 16, '2019-01-02 17:35:31'),
(1028, 183, 17, '2019-01-25 05:17:27'),
(1029, 212, 6, '2018-12-30 20:07:39'),
(1030, 166, 12, '2019-02-21 09:10:12'),
(1031, 49, 37, '2019-03-17 07:46:43'),
(1032, 173, 25, '2019-02-09 05:45:19'),
(1033, 275, 24, '2019-03-18 21:17:12'),
(1034, 45, 9, '2019-01-06 03:09:19'),
(1035, 167, 50, '2019-01-26 16:42:13'),
(1036, 289, 10, '2019-02-12 08:33:19'),
(1037, 81, 6, '2019-03-16 01:27:55'),
(1038, 239, 33, '2018-12-25 08:54:19'),
(1039, 15, 61, '2019-02-04 05:01:39'),
(1040, 289, 60, '2019-02-05 15:19:06'),
(1041, 279, 23, '2018-12-25 04:56:51'),
(1042, 256, 8, '2019-02-02 18:24:15'),
(1043, 121, 4, '2019-02-19 03:15:21'),
(1044, 129, 9, '2018-12-30 13:15:33'),
(1045, 131, 38, '2019-01-03 16:48:25'),
(1046, 6, 46, '2019-02-23 20:34:14'),
(1047, 135, 29, '2019-01-17 21:25:35'),
(1048, 233, 26, '2019-02-09 06:03:05'),
(1049, 282, 20, '2019-01-24 04:12:06'),
(1050, 218, 33, '2019-01-17 17:21:14'),
(1051, 249, 50, '2019-01-03 01:28:27'),
(1052, 222, 59, '2019-02-17 01:00:55'),
(1053, 121, 23, '2018-12-24 16:31:38'),
(1054, 61, 45, '2019-01-29 15:05:13'),
(1055, 278, 55, '2019-03-16 04:36:24'),
(1056, 32, 32, '2019-02-11 10:48:14'),
(1057, 162, 40, '2019-01-10 15:26:49'),
(1058, 141, 55, '2019-02-26 11:34:53'),
(1059, 202, 8, '2019-03-12 04:26:05'),
(1060, 100, 39, '2019-01-09 01:35:46'),
(1061, 13, 7, '2019-02-17 10:28:30'),
(1062, 8, 54, '2019-01-17 13:05:02'),
(1063, 284, 30, '2019-01-31 02:09:46'),
(1064, 14, 57, '2019-02-28 01:32:14'),
(1065, 71, 43, '2018-12-24 10:37:38'),
(1066, 189, 59, '2019-01-11 21:02:33'),
(1067, 227, 6, '2019-01-09 03:34:20'),
(1068, 280, 1, '2019-02-16 04:24:15'),
(1069, 248, 16, '2019-02-12 05:31:45'),
(1070, 279, 22, '2019-02-22 20:25:47'),
(1071, 242, 18, '2018-12-31 14:20:09'),
(1072, 218, 23, '2019-02-08 02:44:59'),
(1073, 159, 28, '2019-02-25 17:39:20'),
(1074, 141, 53, '2018-12-24 13:01:40'),
(1075, 114, 30, '2019-03-05 20:44:02'),
(1076, 43, 37, '2019-02-10 09:29:15'),
(1077, 163, 44, '2019-01-27 01:05:05'),
(1078, 230, 34, '2019-01-06 20:00:49'),
(1079, 202, 28, '2018-12-26 17:15:14'),
(1080, 296, 31, '2019-02-11 08:12:27'),
(1081, 197, 49, '2019-02-25 00:04:07'),
(1082, 60, 25, '2018-12-21 23:26:43'),
(1083, 136, 31, '2019-01-13 00:35:17'),
(1084, 32, 36, '2018-12-31 01:49:00'),
(1085, 229, 9, '2019-01-14 05:05:33'),
(1086, 83, 11, '2019-01-29 15:11:05'),
(1087, 157, 51, '2019-01-29 20:27:31'),
(1088, 295, 56, '2019-02-22 02:55:55'),
(1089, 151, 28, '2019-01-04 19:42:50'),
(1090, 255, 38, '2019-02-06 19:10:40'),
(1091, 211, 34, '2019-02-07 13:57:56'),
(1092, 296, 50, '2019-03-10 16:55:19'),
(1093, 269, 48, '2019-03-12 01:11:23'),
(1094, 207, 26, '2019-01-24 11:12:11'),
(1095, 245, 57, '2019-01-19 08:03:02'),
(1096, 275, 35, '2019-01-17 15:11:07'),
(1097, 180, 7, '2019-02-27 14:14:57'),
(1098, 47, 58, '2019-02-09 14:25:45'),
(1099, 18, 60, '2019-01-24 21:23:27'),
(1100, 171, 51, '2019-02-12 12:42:18'),
(1101, 96, 41, '2019-03-17 08:14:51'),
(1102, 65, 27, '2019-02-28 06:56:21'),
(1103, 163, 43, '2019-02-06 13:35:23'),
(1104, 239, 6, '2018-12-26 06:02:41'),
(1105, 262, 4, '2019-02-04 21:53:07'),
(1106, 259, 34, '2019-02-23 18:08:10'),
(1107, 265, 7, '2019-03-14 02:29:35'),
(1108, 184, 41, '2019-01-24 20:39:20'),
(1109, 149, 43, '2019-02-18 11:43:42'),
(1110, 141, 7, '2019-01-15 21:15:05'),
(1111, 153, 19, '2019-03-20 22:30:40'),
(1112, 179, 17, '2018-12-23 20:39:25'),
(1113, 240, 24, '2019-03-15 15:19:35'),
(1114, 299, 7, '2019-03-05 05:39:26'),
(1115, 275, 35, '2019-01-04 08:43:00'),
(1116, 229, 43, '2019-03-13 14:55:13'),
(1117, 173, 34, '2019-02-02 06:28:02'),
(1118, 44, 6, '2019-01-10 21:38:59'),
(1119, 177, 53, '2019-02-20 14:56:12'),
(1120, 142, 37, '2019-03-06 04:11:44'),
(1121, 142, 43, '2019-02-10 04:05:13'),
(1122, 41, 48, '2019-02-02 04:00:36'),
(1123, 174, 19, '2019-01-25 14:27:56'),
(1124, 250, 7, '2019-02-24 08:24:15'),
(1125, 178, 56, '2019-01-25 20:17:15'),
(1126, 264, 54, '2018-12-26 13:11:21'),
(1127, 133, 48, '2019-02-22 04:12:35'),
(1128, 69, 2, '2019-02-20 09:16:00'),
(1129, 41, 13, '2019-03-14 22:09:43'),
(1130, 284, 35, '2019-03-04 23:48:14'),
(1131, 33, 6, '2019-02-24 07:06:54'),
(1132, 290, 58, '2019-02-14 12:02:03'),
(1133, 276, 21, '2019-01-11 01:57:00'),
(1134, 99, 31, '2019-01-29 17:01:35'),
(1135, 16, 16, '2019-01-18 12:55:44'),
(1136, 86, 19, '2019-03-07 09:48:18'),
(1137, 138, 13, '2019-01-25 11:06:52'),
(1138, 101, 4, '2019-03-03 21:04:00'),
(1139, 59, 17, '2019-02-21 15:41:51'),
(1140, 174, 15, '2019-01-02 23:15:09'),
(1141, 124, 34, '2019-01-15 17:25:21'),
(1142, 49, 46, '2019-02-12 18:17:53'),
(1143, 161, 3, '2018-12-29 17:48:44'),
(1144, 31, 27, '2019-03-12 07:07:23'),
(1145, 123, 7, '2019-03-12 04:52:36'),
(1146, 14, 29, '2019-02-20 10:13:07'),
(1147, 68, 3, '2019-01-21 16:26:41'),
(1148, 149, 36, '2019-03-11 12:14:28'),
(1149, 223, 58, '2019-02-18 11:35:28'),
(1150, 199, 34, '2019-02-22 03:46:37'),
(1151, 18, 40, '2019-02-15 13:40:00'),
(1152, 122, 14, '2019-01-13 19:55:22'),
(1153, 162, 13, '2019-02-25 09:26:30'),
(1154, 62, 47, '2019-01-08 17:12:07'),
(1155, 53, 43, '2019-02-07 04:52:44'),
(1156, 154, 51, '2019-02-09 18:36:47'),
(1157, 238, 19, '2019-03-02 11:43:00'),
(1158, 245, 51, '2019-02-19 00:27:04'),
(1159, 35, 49, '2019-02-13 11:17:53'),
(1160, 140, 9, '2019-02-25 09:10:34'),
(1161, 296, 17, '2019-03-04 17:45:06'),
(1162, 186, 34, '2019-01-10 13:17:31'),
(1163, 67, 41, '2019-02-15 20:58:10'),
(1164, 259, 5, '2019-02-17 22:23:54'),
(1165, 283, 28, '2019-01-21 15:38:12'),
(1166, 207, 55, '2019-01-07 06:24:59'),
(1167, 233, 55, '2019-01-15 06:45:33'),
(1168, 275, 21, '2019-01-17 08:15:55'),
(1169, 196, 55, '2019-01-10 00:21:29'),
(1170, 40, 3, '2018-12-23 04:55:39'),
(1171, 73, 50, '2019-02-18 16:59:26'),
(1172, 186, 53, '2019-02-20 07:53:26'),
(1173, 93, 51, '2018-12-30 16:43:14'),
(1174, 5, 48, '2018-12-29 16:23:40'),
(1175, 11, 18, '2019-02-09 02:31:44'),
(1176, 249, 11, '2019-01-02 17:59:55'),
(1177, 187, 10, '2019-01-25 09:42:03'),
(1178, 89, 56, '2019-03-02 04:14:53'),
(1179, 159, 43, '2019-01-18 00:40:53'),
(1180, 192, 12, '2018-12-24 00:27:41'),
(1181, 200, 55, '2019-03-19 15:12:57'),
(1182, 105, 59, '2019-02-27 16:17:40'),
(1183, 143, 46, '2019-02-15 10:41:48'),
(1184, 100, 26, '2019-02-21 12:44:50'),
(1185, 273, 10, '2019-02-03 20:17:53'),
(1186, 138, 17, '2019-02-04 04:37:07'),
(1187, 180, 41, '2018-12-27 17:14:10'),
(1188, 83, 42, '2019-01-22 04:40:02'),
(1189, 108, 18, '2018-12-24 15:32:34'),
(1190, 84, 61, '2019-02-09 01:38:07'),
(1191, 192, 28, '2018-12-31 14:42:35'),
(1192, 20, 57, '2019-03-16 11:45:23'),
(1193, 83, 37, '2019-01-11 16:38:47'),
(1194, 269, 8, '2018-12-30 02:06:01'),
(1195, 49, 12, '2019-02-28 09:44:34'),
(1196, 278, 26, '2019-03-10 17:12:11'),
(1197, 226, 8, '2019-03-19 12:03:59'),
(1198, 231, 14, '2018-12-25 04:01:25'),
(1199, 236, 33, '2019-02-07 14:28:15'),
(1200, 173, 39, '2019-01-27 09:09:33'),
(1201, 84, 24, '2019-02-04 03:03:47'),
(1202, 147, 43, '2019-01-22 01:44:27'),
(1203, 45, 9, '2019-01-13 12:17:38'),
(1204, 149, 61, '2019-03-10 22:23:31'),
(1205, 199, 2, '2019-01-19 19:38:35'),
(1206, 192, 25, '2019-02-23 20:31:20'),
(1207, 119, 10, '2019-03-03 10:44:23'),
(1208, 53, 14, '2019-01-16 06:36:23'),
(1209, 56, 48, '2019-03-18 03:50:58'),
(1210, 61, 57, '2019-01-20 17:03:38'),
(1211, 59, 51, '2019-03-11 20:53:48'),
(1212, 36, 39, '2019-03-13 14:36:57'),
(1213, 228, 56, '2019-02-02 22:13:51'),
(1214, 235, 12, '2019-01-21 21:35:42'),
(1215, 213, 27, '2018-12-31 00:53:04'),
(1216, 140, 8, '2019-01-19 14:29:37'),
(1217, 164, 15, '2019-03-20 15:21:10'),
(1218, 246, 52, '2019-02-02 01:09:20'),
(1219, 270, 47, '2019-02-05 10:05:04'),
(1220, 40, 25, '2019-02-17 11:54:51'),
(1221, 298, 12, '2019-03-10 14:04:41'),
(1222, 188, 10, '2019-01-05 13:07:49'),
(1223, 185, 38, '2019-03-08 19:24:16'),
(1224, 92, 44, '2019-03-14 00:21:04'),
(1225, 286, 45, '2019-02-22 09:51:20'),
(1226, 260, 57, '2019-01-25 08:40:28'),
(1227, 245, 31, '2019-01-16 22:11:51'),
(1228, 72, 38, '2019-01-13 18:12:44'),
(1229, 76, 55, '2019-03-19 06:09:37'),
(1230, 210, 7, '2019-02-13 21:35:44'),
(1231, 136, 26, '2018-12-25 05:37:59'),
(1232, 280, 17, '2019-02-14 16:01:29'),
(1233, 1, 37, '2019-01-09 14:21:18'),
(1234, 235, 58, '2019-03-11 16:05:05'),
(1235, 146, 47, '2019-02-27 22:23:13'),
(1236, 106, 21, '2019-01-27 07:52:02'),
(1237, 156, 57, '2019-01-31 04:31:52'),
(1238, 96, 47, '2019-02-23 05:25:49'),
(1239, 121, 14, '2019-03-19 20:49:05'),
(1240, 293, 4, '2018-12-23 07:08:54'),
(1241, 282, 57, '2019-03-04 03:53:28'),
(1242, 222, 53, '2019-03-07 20:28:55'),
(1243, 252, 32, '2018-12-25 09:11:18'),
(1244, 97, 12, '2019-02-19 10:20:52'),
(1245, 251, 4, '2019-01-27 07:21:55'),
(1246, 148, 29, '2019-03-10 05:11:25'),
(1247, 263, 6, '2019-01-25 18:41:51'),
(1248, 138, 26, '2019-02-07 01:38:30'),
(1249, 136, 41, '2019-02-18 02:32:21'),
(1250, 254, 43, '2019-01-18 17:09:52'),
(1251, 155, 49, '2019-02-02 20:14:06'),
(1252, 239, 5, '2019-02-09 22:09:29'),
(1253, 167, 7, '2019-01-25 05:18:48'),
(1254, 164, 24, '2019-03-15 08:56:00'),
(1255, 138, 59, '2019-02-12 02:31:40'),
(1256, 168, 5, '2019-01-26 08:55:26'),
(1257, 240, 15, '2019-01-26 19:17:09'),
(1258, 63, 8, '2019-02-08 00:11:38'),
(1259, 179, 17, '2019-01-19 05:57:59'),
(1260, 83, 17, '2019-01-24 07:51:05'),
(1261, 275, 1, '2019-02-19 10:06:05'),
(1262, 286, 19, '2019-02-05 21:49:22'),
(1263, 45, 47, '2018-12-27 22:41:25'),
(1264, 48, 22, '2019-03-12 03:24:00'),
(1265, 286, 54, '2019-02-08 10:56:27'),
(1266, 69, 40, '2019-01-09 20:25:16'),
(1267, 76, 26, '2019-02-18 16:07:57'),
(1268, 17, 24, '2019-03-17 14:35:59'),
(1269, 37, 6, '2019-03-04 18:34:01'),
(1270, 232, 61, '2019-02-11 02:45:41'),
(1271, 215, 27, '2019-02-22 20:07:00'),
(1272, 15, 1, '2019-01-24 21:37:11'),
(1273, 175, 16, '2019-01-14 23:11:27'),
(1274, 12, 9, '2019-01-24 03:37:40'),
(1275, 243, 51, '2019-03-17 02:11:50'),
(1276, 28, 22, '2019-02-14 13:23:49'),
(1277, 204, 58, '2019-02-25 19:19:59'),
(1278, 51, 35, '2019-02-21 04:54:29'),
(1279, 216, 3, '2019-01-03 14:12:41'),
(1280, 16, 10, '2019-03-02 07:13:17'),
(1281, 181, 43, '2018-12-23 00:02:30'),
(1282, 81, 2, '2019-03-15 10:02:10'),
(1283, 120, 13, '2019-02-08 14:23:10'),
(1284, 171, 29, '2018-12-25 14:58:41'),
(1285, 25, 42, '2019-02-03 00:35:57'),
(1286, 275, 34, '2019-03-10 07:01:08'),
(1287, 218, 13, '2018-12-22 19:16:45'),
(1288, 191, 37, '2019-02-07 21:17:33'),
(1289, 93, 40, '2018-12-21 15:22:38'),
(1290, 58, 6, '2019-02-03 18:05:45'),
(1291, 168, 19, '2019-02-21 13:06:35'),
(1292, 279, 5, '2018-12-25 08:46:17'),
(1293, 260, 12, '2019-03-18 17:57:08'),
(1294, 224, 41, '2019-02-27 00:37:02'),
(1295, 132, 45, '2019-01-30 13:37:50'),
(1296, 297, 43, '2019-03-13 14:26:38'),
(1297, 45, 16, '2019-02-11 05:50:09'),
(1298, 275, 46, '2019-02-19 13:05:02'),
(1299, 284, 20, '2019-03-04 13:20:01'),
(1300, 199, 14, '2019-01-20 15:00:37'),
(1301, 295, 6, '2019-01-21 23:47:36'),
(1302, 222, 48, '2018-12-28 05:55:33'),
(1303, 24, 51, '2019-03-03 15:59:00'),
(1304, 184, 13, '2019-03-12 10:14:26'),
(1305, 121, 26, '2019-02-20 08:25:05'),
(1306, 95, 45, '2019-01-22 09:29:00'),
(1307, 138, 16, '2018-12-29 10:33:49'),
(1308, 138, 20, '2019-03-03 00:09:15'),
(1309, 262, 1, '2019-02-02 13:30:18'),
(1310, 100, 27, '2019-02-05 11:52:21'),
(1311, 241, 29, '2019-01-31 05:02:42'),
(1312, 175, 42, '2019-03-18 20:29:48'),
(1313, 290, 2, '2019-01-21 08:37:19'),
(1314, 116, 22, '2019-01-07 01:51:32'),
(1315, 235, 38, '2019-02-01 23:58:43'),
(1316, 36, 23, '2019-01-11 03:01:25'),
(1317, 125, 30, '2019-01-30 06:09:52'),
(1318, 225, 16, '2019-01-31 18:28:56'),
(1319, 279, 45, '2019-01-28 10:42:45'),
(1320, 163, 43, '2019-02-18 05:04:09'),
(1321, 38, 50, '2019-02-07 10:55:49'),
(1322, 61, 23, '2019-03-14 15:44:42'),
(1323, 254, 19, '2019-01-22 14:02:32'),
(1324, 180, 10, '2019-03-04 20:43:59'),
(1325, 192, 24, '2019-02-17 21:52:14'),
(1326, 129, 22, '2019-01-22 21:00:22'),
(1327, 146, 60, '2019-01-04 21:01:38'),
(1328, 223, 11, '2018-12-21 13:26:08'),
(1329, 270, 36, '2019-03-15 00:39:53'),
(1330, 142, 58, '2019-02-02 11:31:07'),
(1331, 58, 28, '2019-01-22 00:18:58'),
(1332, 282, 2, '2019-01-19 15:10:13'),
(1333, 235, 52, '2019-02-15 11:58:56'),
(1334, 23, 4, '2019-03-08 03:22:06'),
(1335, 204, 17, '2019-01-22 00:32:53'),
(1336, 150, 40, '2019-03-04 19:31:46'),
(1337, 124, 24, '2019-03-10 06:11:01'),
(1338, 77, 16, '2018-12-27 20:48:14'),
(1339, 291, 8, '2019-01-06 21:06:00'),
(1340, 286, 54, '2019-02-27 22:04:52'),
(1341, 283, 39, '2019-03-16 08:56:28'),
(1342, 140, 57, '2019-01-07 08:10:26'),
(1343, 97, 26, '2019-01-06 22:58:10'),
(1344, 157, 8, '2019-02-16 16:45:45'),
(1345, 100, 57, '2019-01-25 22:33:55'),
(1346, 98, 43, '2019-01-23 03:26:01'),
(1347, 206, 45, '2019-02-13 05:11:08'),
(1348, 141, 19, '2019-02-10 09:53:29'),
(1349, 193, 2, '2018-12-23 12:01:20'),
(1350, 249, 48, '2019-01-19 16:07:28'),
(1351, 99, 31, '2018-12-28 05:51:23'),
(1352, 99, 31, '2019-02-19 05:33:03'),
(1353, 136, 44, '2019-01-26 07:16:35'),
(1354, 79, 23, '2018-12-22 01:01:57'),
(1355, 189, 30, '2018-12-28 23:43:41'),
(1356, 202, 18, '2019-01-03 05:44:25'),
(1357, 296, 48, '2019-02-18 06:53:04'),
(1358, 99, 7, '2018-12-25 22:09:27'),
(1359, 257, 55, '2019-02-26 05:38:13'),
(1360, 201, 1, '2019-03-18 04:55:25'),
(1361, 294, 27, '2019-01-05 11:04:03');
INSERT INTO `likes` (`idLikes`, `idPost`, `idUser`, `dateLikes`) VALUES
(1362, 253, 50, '2019-02-02 16:13:29'),
(1363, 213, 16, '2019-02-14 15:00:16'),
(1364, 114, 18, '2019-01-14 08:08:16'),
(1365, 192, 11, '2018-12-23 06:03:37'),
(1366, 87, 21, '2018-12-31 07:47:51'),
(1367, 134, 18, '2019-01-18 08:53:05'),
(1368, 255, 32, '2019-02-07 03:08:04'),
(1369, 270, 21, '2019-01-27 18:35:37'),
(1370, 92, 40, '2019-02-22 12:09:03'),
(1371, 38, 10, '2019-02-03 04:59:05'),
(1372, 136, 16, '2019-03-01 21:44:38'),
(1373, 95, 37, '2019-01-23 18:10:56'),
(1374, 298, 9, '2019-01-02 10:41:48'),
(1375, 82, 44, '2019-03-17 00:05:08'),
(1376, 272, 23, '2019-02-23 16:25:15'),
(1377, 74, 54, '2019-02-04 03:08:47'),
(1378, 283, 45, '2019-03-04 02:16:45'),
(1379, 18, 43, '2019-02-07 17:57:02'),
(1380, 233, 14, '2019-02-16 15:31:30'),
(1381, 298, 21, '2019-03-03 16:44:11'),
(1382, 196, 27, '2019-03-12 18:54:24'),
(1383, 264, 13, '2019-03-08 17:03:49'),
(1384, 95, 14, '2019-01-25 11:46:54'),
(1385, 162, 47, '2018-12-31 12:15:28'),
(1386, 249, 9, '2019-02-16 10:51:15'),
(1387, 260, 58, '2019-01-05 14:07:26'),
(1388, 206, 47, '2019-03-12 23:32:10'),
(1389, 41, 5, '2019-02-25 02:22:03'),
(1390, 83, 5, '2019-02-12 14:04:33'),
(1391, 227, 61, '2019-01-18 17:59:24'),
(1392, 224, 27, '2019-01-01 11:17:44'),
(1393, 265, 32, '2019-02-15 18:21:59'),
(1394, 91, 17, '2019-03-04 09:50:23'),
(1395, 201, 5, '2019-03-09 23:33:55'),
(1396, 284, 59, '2019-01-07 23:20:22'),
(1397, 231, 24, '2019-02-28 22:32:15'),
(1398, 97, 17, '2019-02-13 07:15:43'),
(1399, 184, 26, '2018-12-23 21:27:36'),
(1400, 155, 20, '2019-01-22 20:54:03'),
(1401, 260, 60, '2019-02-27 21:38:20'),
(1402, 62, 61, '2019-03-11 00:23:53'),
(1403, 75, 38, '2019-01-04 11:20:32'),
(1404, 43, 31, '2019-02-18 05:27:21'),
(1405, 273, 14, '2018-12-30 14:24:02'),
(1406, 190, 23, '2019-01-18 22:28:25'),
(1407, 191, 41, '2019-01-06 23:23:34'),
(1408, 83, 41, '2019-03-09 00:01:10'),
(1409, 154, 45, '2019-02-22 09:58:31'),
(1410, 135, 21, '2019-01-15 13:54:17'),
(1411, 51, 48, '2019-01-18 23:36:17'),
(1412, 27, 11, '2019-03-10 03:22:24'),
(1413, 74, 15, '2019-01-23 00:49:39'),
(1414, 108, 37, '2019-03-02 01:35:01'),
(1415, 55, 50, '2019-03-12 14:45:35'),
(1416, 207, 8, '2019-02-02 05:11:10'),
(1417, 150, 61, '2019-03-14 23:45:58'),
(1418, 86, 57, '2019-01-27 01:41:42'),
(1419, 54, 7, '2019-03-04 04:47:27'),
(1420, 149, 43, '2019-02-22 22:58:53'),
(1421, 27, 57, '2019-02-01 02:46:09'),
(1422, 133, 50, '2019-01-23 13:05:25'),
(1423, 117, 25, '2018-12-24 19:55:14'),
(1424, 206, 45, '2019-02-14 01:11:21'),
(1425, 163, 13, '2019-01-30 17:59:17'),
(1426, 287, 30, '2019-03-02 23:09:08'),
(1427, 254, 13, '2019-01-13 04:37:06'),
(1428, 229, 48, '2019-02-22 08:21:35'),
(1429, 280, 43, '2019-02-11 00:50:38'),
(1430, 61, 30, '2019-03-02 21:42:50'),
(1431, 81, 8, '2019-01-23 02:29:49'),
(1432, 50, 57, '2019-03-17 06:33:50'),
(1433, 178, 45, '2019-01-21 06:36:20'),
(1434, 180, 21, '2019-02-17 21:09:25'),
(1435, 97, 4, '2019-03-17 20:17:33'),
(1436, 217, 4, '2019-01-23 08:23:10'),
(1437, 24, 50, '2019-01-26 19:59:04'),
(1438, 232, 47, '2019-03-09 14:51:38'),
(1439, 92, 7, '2019-03-08 01:36:47'),
(1440, 221, 31, '2019-03-10 22:23:09'),
(1441, 173, 13, '2019-01-18 22:03:38'),
(1442, 54, 19, '2019-02-09 12:56:21'),
(1443, 6, 36, '2019-03-14 02:43:50'),
(1444, 275, 21, '2019-02-03 05:40:38'),
(1445, 160, 40, '2019-02-04 22:27:26'),
(1446, 12, 35, '2019-02-23 21:57:25'),
(1447, 202, 60, '2019-01-10 20:12:53'),
(1448, 79, 12, '2019-01-06 01:56:32'),
(1449, 240, 9, '2019-01-05 13:21:18'),
(1450, 129, 27, '2018-12-27 09:10:05'),
(1451, 127, 43, '2019-01-18 20:29:17'),
(1452, 272, 55, '2019-01-11 17:33:35'),
(1453, 174, 10, '2019-01-28 06:57:09'),
(1454, 257, 49, '2019-02-16 23:25:49'),
(1455, 248, 20, '2019-03-18 02:49:42'),
(1456, 38, 18, '2019-01-28 13:42:40'),
(1457, 226, 31, '2019-03-09 09:48:39'),
(1458, 34, 61, '2019-01-31 08:15:21'),
(1459, 23, 23, '2019-01-18 16:31:59'),
(1460, 222, 10, '2018-12-31 14:55:20'),
(1461, 260, 54, '2019-03-21 06:10:29'),
(1462, 155, 15, '2019-01-07 17:56:43'),
(1463, 280, 56, '2019-03-14 08:12:28'),
(1464, 272, 54, '2019-01-05 09:42:29'),
(1465, 280, 17, '2019-03-09 17:54:53'),
(1466, 18, 34, '2019-03-02 10:42:52'),
(1467, 283, 22, '2019-03-02 22:03:53'),
(1468, 243, 7, '2018-12-29 07:59:55'),
(1469, 265, 35, '2019-02-20 09:18:31'),
(1470, 286, 21, '2019-02-18 09:02:40'),
(1471, 199, 47, '2019-02-22 07:27:55'),
(1472, 200, 34, '2019-03-05 04:44:20'),
(1473, 48, 37, '2018-12-28 19:25:01'),
(1474, 146, 52, '2019-03-13 09:17:41'),
(1475, 237, 61, '2019-03-04 04:11:57'),
(1476, 249, 60, '2019-03-12 22:50:39'),
(1477, 162, 1, '2018-12-30 21:05:09'),
(1478, 198, 13, '2019-03-19 05:18:46'),
(1479, 64, 27, '2019-03-19 20:23:25'),
(1480, 9, 57, '2019-01-24 19:20:08'),
(1481, 46, 34, '2019-02-25 14:38:19'),
(1482, 214, 58, '2019-02-06 05:44:22'),
(1483, 291, 7, '2019-01-01 09:06:25'),
(1484, 252, 50, '2019-02-20 17:28:01'),
(1485, 228, 41, '2019-01-02 01:12:16'),
(1486, 61, 42, '2019-02-23 10:30:24'),
(1487, 76, 34, '2019-02-07 07:42:07'),
(1488, 270, 25, '2019-02-18 10:10:16'),
(1489, 10, 45, '2019-02-22 08:55:28'),
(1490, 187, 32, '2018-12-25 09:18:58'),
(1491, 202, 23, '2018-12-30 12:32:18'),
(1492, 30, 52, '2019-01-03 17:19:57'),
(1493, 225, 46, '2019-03-20 06:19:30'),
(1494, 190, 14, '2018-12-31 06:20:05'),
(1495, 18, 11, '2019-02-16 20:51:38'),
(1496, 17, 27, '2018-12-29 13:16:06'),
(1497, 98, 15, '2019-01-30 22:32:18'),
(1498, 194, 27, '2019-02-14 01:35:16'),
(1499, 152, 2, '2019-03-01 19:23:39'),
(1500, 107, 9, '2019-03-17 08:21:01'),
(1501, 213, 38, '2019-02-12 18:04:33'),
(1502, 104, 61, '2019-01-03 01:52:59'),
(1503, 188, 50, '2019-01-14 08:39:32'),
(1504, 52, 26, '2019-03-06 23:15:46'),
(1505, 82, 30, '2019-01-25 09:15:50'),
(1506, 129, 9, '2019-01-15 05:17:36'),
(1507, 134, 48, '2019-03-12 14:44:53'),
(1508, 254, 22, '2019-03-17 07:02:18'),
(1509, 68, 36, '2018-12-30 21:30:42'),
(1510, 282, 46, '2019-01-24 14:19:05'),
(1511, 191, 51, '2019-03-02 11:29:57'),
(1512, 143, 31, '2019-02-27 07:01:12'),
(1513, 75, 13, '2019-01-04 23:14:04'),
(1514, 6, 28, '2019-02-14 06:41:52'),
(1515, 62, 2, '2019-01-15 16:44:09'),
(1516, 65, 15, '2018-12-24 08:26:20'),
(1517, 184, 47, '2018-12-24 06:44:08'),
(1518, 165, 36, '2019-02-23 00:46:52'),
(1519, 90, 38, '2019-01-31 15:19:50'),
(1520, 86, 42, '2019-01-18 00:00:07'),
(1521, 110, 31, '2019-02-17 19:03:38'),
(1522, 121, 4, '2019-02-18 14:13:27'),
(1523, 30, 39, '2019-01-20 03:03:13'),
(1524, 11, 21, '2018-12-29 09:05:31'),
(1525, 37, 7, '2018-12-28 05:52:53'),
(1526, 36, 7, '2018-12-30 20:54:48'),
(1527, 163, 24, '2019-03-03 14:16:47'),
(1528, 137, 17, '2019-01-02 00:27:19'),
(1529, 203, 38, '2019-03-03 08:27:38'),
(1530, 287, 15, '2019-03-08 13:54:26'),
(1531, 266, 46, '2019-01-16 10:44:26'),
(1532, 213, 50, '2019-02-27 11:39:21'),
(1533, 285, 41, '2019-02-19 09:31:30'),
(1534, 31, 59, '2019-02-08 07:24:52'),
(1535, 33, 6, '2019-02-10 11:47:17'),
(1536, 162, 53, '2019-01-23 10:16:02'),
(1537, 154, 24, '2019-02-16 21:59:51'),
(1538, 27, 22, '2019-03-10 11:03:13'),
(1539, 224, 15, '2018-12-28 08:33:09'),
(1540, 168, 21, '2019-02-28 22:15:08'),
(1541, 148, 58, '2019-01-13 06:24:23'),
(1542, 247, 17, '2019-02-12 00:25:34'),
(1543, 46, 5, '2018-12-26 16:28:53'),
(1544, 95, 3, '2019-02-24 16:07:36'),
(1545, 211, 7, '2019-01-16 10:53:51'),
(1546, 289, 42, '2019-02-25 10:53:17'),
(1547, 28, 16, '2018-12-22 01:41:32'),
(1548, 128, 16, '2019-02-05 17:17:29'),
(1549, 104, 33, '2019-02-14 17:34:04'),
(1550, 227, 29, '2019-02-11 01:21:09'),
(1551, 140, 27, '2019-01-27 04:41:14'),
(1552, 189, 31, '2019-02-11 19:47:16'),
(1553, 105, 12, '2018-12-28 06:31:36'),
(1554, 123, 37, '2019-03-04 14:07:19'),
(1555, 231, 46, '2019-02-16 16:52:12'),
(1556, 156, 55, '2019-01-30 18:29:41'),
(1557, 24, 17, '2019-03-17 22:34:06'),
(1558, 190, 17, '2019-03-19 01:37:30'),
(1559, 16, 27, '2019-02-26 03:13:47'),
(1560, 280, 1, '2019-03-05 07:55:38'),
(1561, 83, 57, '2019-03-20 06:18:08'),
(1562, 274, 27, '2019-01-20 02:17:24'),
(1563, 222, 31, '2019-03-12 08:49:21'),
(1564, 254, 11, '2019-02-21 19:53:30'),
(1565, 300, 60, '2019-03-13 10:36:11'),
(1566, 286, 35, '2019-03-17 17:41:45'),
(1567, 221, 3, '2018-12-27 17:37:51'),
(1568, 299, 16, '2019-01-26 21:56:29'),
(1569, 251, 16, '2019-01-02 19:34:59'),
(1570, 246, 59, '2019-02-25 22:43:59'),
(1571, 122, 54, '2019-02-03 09:10:00'),
(1572, 118, 22, '2019-03-14 06:50:03'),
(1573, 74, 58, '2019-02-06 05:58:34'),
(1574, 87, 8, '2019-01-11 10:56:28'),
(1575, 273, 39, '2019-03-20 18:42:49'),
(1576, 165, 49, '2018-12-25 15:31:05'),
(1577, 49, 27, '2019-03-09 15:05:12'),
(1578, 58, 37, '2019-02-24 01:52:54'),
(1579, 221, 52, '2019-03-16 15:14:03'),
(1580, 63, 39, '2019-01-08 04:16:23'),
(1581, 57, 56, '2019-03-19 23:59:25'),
(1582, 16, 38, '2019-02-07 06:01:04'),
(1583, 190, 35, '2019-02-08 17:52:06'),
(1584, 245, 10, '2018-12-31 09:27:06'),
(1585, 273, 6, '2019-01-13 02:18:29'),
(1586, 10, 26, '2019-03-20 14:23:11'),
(1587, 77, 14, '2019-02-22 19:04:27'),
(1588, 1, 37, '2019-02-27 12:16:33'),
(1589, 244, 35, '2019-01-24 11:20:47'),
(1590, 9, 48, '2019-03-10 17:18:21'),
(1591, 130, 14, '2019-02-01 08:59:44'),
(1592, 177, 43, '2019-02-08 16:09:47'),
(1593, 280, 60, '2019-01-03 05:38:06'),
(1594, 202, 59, '2019-01-01 14:59:06'),
(1595, 107, 33, '2019-01-31 18:51:52'),
(1596, 221, 55, '2019-01-23 20:36:35'),
(1597, 277, 55, '2018-12-28 01:09:40'),
(1598, 230, 60, '2019-03-14 00:02:50'),
(1599, 261, 40, '2019-02-14 00:20:22'),
(1600, 118, 9, '2019-01-16 18:04:10'),
(1601, 210, 50, '2019-02-08 20:34:27'),
(1602, 8, 31, '2019-03-21 02:58:54'),
(1603, 7, 53, '2019-03-03 22:32:47'),
(1604, 27, 51, '2019-01-01 12:57:43'),
(1605, 267, 20, '2019-01-05 16:16:58'),
(1606, 268, 26, '2019-02-01 09:57:26'),
(1607, 233, 18, '2019-03-02 03:47:02'),
(1608, 77, 48, '2019-01-15 14:43:59'),
(1609, 238, 36, '2018-12-21 17:38:14'),
(1610, 135, 38, '2019-01-15 19:51:12'),
(1611, 271, 29, '2019-01-22 07:01:40'),
(1612, 226, 46, '2018-12-28 12:07:52'),
(1613, 31, 42, '2019-02-27 16:04:47'),
(1614, 275, 11, '2019-03-15 01:52:48'),
(1615, 111, 40, '2019-01-24 17:30:08'),
(1616, 259, 41, '2019-02-16 00:44:52'),
(1617, 177, 49, '2019-03-20 11:26:03'),
(1618, 44, 48, '2019-01-25 02:44:25'),
(1619, 54, 39, '2018-12-30 00:49:09'),
(1620, 82, 19, '2019-03-06 21:39:48'),
(1621, 238, 33, '2019-01-24 20:47:54'),
(1622, 192, 56, '2019-01-09 07:47:46'),
(1623, 215, 60, '2019-02-20 06:35:17'),
(1624, 61, 42, '2019-03-16 14:27:49'),
(1625, 299, 14, '2019-02-22 09:12:24'),
(1626, 222, 34, '2019-01-12 11:09:06'),
(1627, 73, 6, '2019-03-14 00:43:33'),
(1628, 176, 25, '2019-01-22 16:47:38'),
(1629, 132, 52, '2019-01-05 16:33:17'),
(1630, 209, 41, '2019-01-27 05:10:40'),
(1631, 120, 55, '2019-03-10 15:29:40'),
(1632, 230, 46, '2019-01-01 17:49:18'),
(1633, 275, 12, '2019-02-13 17:47:59'),
(1634, 227, 48, '2019-03-07 09:08:18'),
(1635, 87, 14, '2019-02-24 13:17:55'),
(1636, 277, 43, '2019-02-06 14:30:32'),
(1637, 143, 26, '2019-01-23 10:12:11'),
(1638, 296, 34, '2019-03-02 19:21:50'),
(1639, 222, 2, '2019-02-19 09:25:19'),
(1640, 268, 31, '2019-01-01 07:16:48'),
(1641, 19, 10, '2019-01-04 23:28:15'),
(1642, 150, 30, '2019-01-19 21:57:38'),
(1643, 239, 7, '2019-01-04 03:07:33'),
(1644, 75, 4, '2018-12-23 04:00:00'),
(1645, 203, 52, '2019-02-12 13:31:09'),
(1646, 202, 52, '2019-02-11 02:45:32'),
(1647, 238, 43, '2019-01-22 16:22:17'),
(1648, 128, 52, '2019-02-16 21:32:35'),
(1649, 213, 27, '2019-01-31 22:34:17'),
(1650, 191, 11, '2019-02-27 14:19:05'),
(1651, 8, 50, '2019-02-23 12:50:31'),
(1652, 263, 52, '2019-01-30 19:18:46'),
(1653, 147, 13, '2019-02-16 00:32:18'),
(1654, 286, 35, '2019-01-02 19:35:04'),
(1655, 186, 22, '2019-02-24 08:49:02'),
(1656, 119, 20, '2019-01-11 10:27:53'),
(1657, 242, 1, '2019-02-03 18:06:37'),
(1658, 156, 43, '2019-02-04 15:13:30'),
(1659, 171, 49, '2019-02-14 23:04:55'),
(1660, 96, 61, '2019-02-15 02:00:53'),
(1661, 268, 37, '2018-12-31 00:24:12'),
(1662, 148, 37, '2019-03-08 21:57:51'),
(1663, 279, 59, '2019-03-19 07:11:37'),
(1664, 221, 59, '2019-01-16 23:12:48'),
(1665, 71, 28, '2018-12-30 06:36:04'),
(1666, 193, 20, '2019-01-19 01:53:59'),
(1667, 156, 13, '2019-03-06 14:08:32'),
(1668, 3, 51, '2019-02-09 01:18:50'),
(1669, 238, 55, '2019-03-02 18:46:40'),
(1670, 202, 19, '2019-01-08 04:13:54'),
(1671, 93, 60, '2019-03-04 10:06:11'),
(1672, 151, 13, '2018-12-22 09:03:32'),
(1673, 130, 33, '2018-12-23 12:46:06'),
(1674, 42, 59, '2019-03-09 09:58:55'),
(1675, 217, 38, '2019-01-14 09:40:45'),
(1676, 216, 55, '2018-12-25 18:42:53'),
(1677, 82, 1, '2019-02-01 15:43:23'),
(1678, 156, 23, '2018-12-28 20:58:22'),
(1679, 26, 28, '2019-02-01 15:30:08'),
(1680, 240, 32, '2019-03-06 13:14:07'),
(1681, 208, 22, '2019-01-29 19:06:42'),
(1682, 239, 27, '2019-02-20 22:08:20'),
(1683, 149, 21, '2019-02-23 08:43:55'),
(1684, 190, 49, '2019-01-22 08:58:16'),
(1685, 149, 36, '2018-12-24 23:00:56'),
(1686, 178, 43, '2019-03-18 11:33:39'),
(1687, 225, 15, '2019-01-16 20:03:31'),
(1688, 43, 17, '2019-02-07 15:04:03'),
(1689, 236, 31, '2019-01-11 18:51:01'),
(1690, 285, 25, '2019-01-18 01:31:02'),
(1691, 19, 6, '2019-03-11 12:20:50'),
(1692, 246, 10, '2019-03-04 05:10:05'),
(1693, 3, 49, '2019-01-26 21:55:20'),
(1694, 146, 9, '2019-03-03 06:02:22'),
(1695, 207, 60, '2019-03-02 22:46:40'),
(1696, 177, 24, '2019-01-11 15:22:31'),
(1697, 213, 13, '2019-01-21 13:48:03'),
(1698, 270, 13, '2019-01-12 21:49:42'),
(1699, 268, 60, '2019-02-17 01:41:47'),
(1700, 202, 11, '2019-02-02 22:20:17'),
(1701, 25, 54, '2019-02-11 20:30:37'),
(1702, 239, 22, '2019-03-14 13:16:38'),
(1703, 120, 47, '2019-01-15 20:33:41'),
(1704, 57, 45, '2019-01-08 13:48:28'),
(1705, 156, 24, '2019-02-03 19:40:51'),
(1706, 7, 14, '2019-03-15 04:31:07'),
(1707, 41, 46, '2019-02-12 21:13:30'),
(1708, 95, 23, '2019-03-11 16:37:16'),
(1709, 82, 45, '2019-02-24 09:24:29'),
(1710, 34, 44, '2019-01-19 19:31:33'),
(1711, 156, 55, '2019-02-24 07:33:30'),
(1712, 196, 43, '2019-01-18 13:54:57'),
(1713, 111, 29, '2019-01-29 06:20:07'),
(1714, 78, 38, '2019-02-14 11:14:33'),
(1715, 247, 49, '2019-03-06 03:38:17'),
(1716, 262, 50, '2019-02-26 17:43:08'),
(1717, 298, 49, '2019-02-03 05:41:16'),
(1718, 23, 6, '2019-02-17 09:16:54'),
(1719, 122, 21, '2019-02-17 05:24:47'),
(1720, 31, 12, '2019-01-21 08:15:42'),
(1721, 173, 46, '2019-02-05 22:52:29'),
(1722, 120, 51, '2019-01-22 10:11:14'),
(1723, 31, 18, '2019-03-03 02:13:50'),
(1724, 7, 47, '2018-12-29 05:44:54'),
(1725, 199, 61, '2019-02-20 15:47:27'),
(1726, 27, 15, '2019-01-24 14:38:30'),
(1727, 165, 34, '2019-02-17 04:44:56'),
(1728, 163, 1, '2019-03-09 03:35:02'),
(1729, 155, 12, '2019-02-16 11:54:56'),
(1730, 171, 41, '2019-01-17 04:42:55'),
(1731, 3, 61, '2019-02-05 12:54:40'),
(1732, 228, 60, '2019-03-17 16:51:59'),
(1733, 78, 34, '2019-01-11 05:40:51'),
(1734, 96, 38, '2019-03-13 14:36:11'),
(1735, 166, 20, '2018-12-31 00:38:44'),
(1736, 117, 23, '2019-01-19 10:26:48'),
(1737, 267, 45, '2019-01-31 22:31:18'),
(1738, 28, 41, '2019-01-16 00:45:34'),
(1739, 103, 33, '2019-01-30 03:39:45'),
(1740, 174, 60, '2019-01-13 05:16:09'),
(1741, 289, 52, '2019-03-09 14:16:19'),
(1742, 253, 25, '2019-01-22 22:57:06'),
(1743, 282, 40, '2019-01-30 04:00:40'),
(1744, 230, 6, '2019-02-24 21:45:54'),
(1745, 270, 53, '2019-01-06 07:31:23'),
(1746, 141, 45, '2019-02-12 02:01:49'),
(1747, 70, 28, '2018-12-21 15:53:42'),
(1748, 42, 33, '2019-03-01 00:44:05'),
(1749, 217, 19, '2019-03-14 12:12:36'),
(1750, 179, 32, '2019-01-28 00:26:10'),
(1751, 7, 22, '2019-03-15 09:46:18'),
(1752, 55, 57, '2019-02-24 14:51:04'),
(1753, 70, 34, '2019-03-10 19:38:13'),
(1754, 190, 46, '2019-02-17 02:51:33'),
(1755, 44, 60, '2019-03-16 09:15:25'),
(1756, 225, 28, '2019-02-15 06:30:31'),
(1757, 65, 26, '2019-03-08 21:07:01'),
(1758, 245, 57, '2019-01-26 15:28:23'),
(1759, 58, 11, '2019-01-03 18:25:56'),
(1760, 128, 34, '2019-03-03 13:53:46'),
(1761, 209, 42, '2019-03-17 06:14:31'),
(1762, 90, 22, '2019-03-09 14:55:10'),
(1763, 19, 8, '2018-12-29 09:00:42'),
(1764, 30, 8, '2019-01-26 04:11:23'),
(1765, 118, 20, '2019-01-27 12:59:37'),
(1766, 40, 20, '2019-01-08 02:26:03'),
(1767, 289, 36, '2019-02-13 19:58:43'),
(1768, 39, 46, '2019-03-06 20:36:55'),
(1769, 137, 37, '2019-03-06 02:49:15'),
(1770, 101, 2, '2019-01-13 05:51:27'),
(1771, 89, 35, '2019-03-01 20:46:10'),
(1772, 100, 42, '2019-02-05 03:27:29'),
(1773, 94, 56, '2019-01-19 20:32:34'),
(1774, 280, 12, '2019-01-11 10:50:17'),
(1775, 69, 18, '2019-03-16 04:31:58'),
(1776, 86, 7, '2019-03-04 18:43:14'),
(1777, 212, 18, '2019-01-29 14:28:57'),
(1778, 82, 36, '2019-01-28 03:33:59'),
(1779, 207, 35, '2019-03-14 15:08:52'),
(1780, 215, 12, '2019-02-14 15:22:37'),
(1781, 300, 30, '2019-02-13 20:24:32'),
(1782, 215, 4, '2019-01-09 22:09:09'),
(1783, 88, 19, '2019-01-17 17:01:33'),
(1784, 220, 53, '2019-02-26 07:03:06'),
(1785, 92, 6, '2019-01-11 03:45:21'),
(1786, 263, 21, '2018-12-31 03:07:55'),
(1787, 23, 17, '2019-01-06 07:25:19'),
(1788, 44, 35, '2019-03-19 09:15:32'),
(1789, 279, 8, '2019-02-26 15:36:31'),
(1790, 192, 2, '2019-03-12 03:52:13'),
(1791, 87, 10, '2019-02-08 22:19:24'),
(1792, 278, 55, '2019-01-21 14:31:50'),
(1793, 180, 46, '2018-12-29 09:31:02'),
(1794, 124, 38, '2018-12-28 09:55:02'),
(1795, 249, 39, '2019-02-24 18:48:19'),
(1796, 69, 17, '2019-03-17 22:11:09'),
(1797, 84, 17, '2019-01-26 13:24:32'),
(1798, 65, 21, '2019-02-02 11:57:27'),
(1799, 181, 11, '2018-12-26 03:15:02'),
(1800, 234, 22, '2018-12-23 13:14:11'),
(1801, 224, 14, '2019-02-25 14:37:43'),
(1802, 28, 1, '2019-02-02 17:03:47'),
(1803, 120, 55, '2018-12-24 15:23:16'),
(1804, 114, 58, '2019-01-04 14:46:45'),
(1805, 134, 58, '2019-01-15 01:59:03'),
(1806, 252, 21, '2019-02-05 23:16:29'),
(1807, 282, 2, '2019-01-23 20:51:09'),
(1808, 169, 41, '2019-01-03 10:50:31'),
(1809, 211, 32, '2019-02-15 07:03:46'),
(1810, 168, 50, '2019-03-06 23:15:38'),
(1811, 98, 38, '2019-02-19 15:43:00'),
(1812, 4, 2, '2019-01-12 16:17:47'),
(1813, 59, 20, '2019-02-16 01:18:20'),
(1814, 196, 29, '2019-01-10 07:34:48'),
(1815, 229, 11, '2018-12-26 18:30:03'),
(1816, 175, 27, '2019-03-15 15:10:45'),
(1817, 235, 47, '2019-01-28 13:24:06'),
(1818, 155, 10, '2018-12-23 08:22:28'),
(1819, 287, 6, '2019-02-15 08:30:21'),
(1820, 50, 36, '2018-12-21 15:47:21'),
(1821, 231, 27, '2019-02-22 00:37:58'),
(1822, 213, 27, '2018-12-30 20:32:29'),
(1823, 248, 6, '2019-01-07 21:57:35'),
(1824, 136, 20, '2019-01-01 07:38:20'),
(1825, 67, 40, '2019-03-11 11:56:44'),
(1826, 260, 55, '2019-01-11 07:10:34'),
(1827, 281, 46, '2019-02-20 16:07:20'),
(1828, 113, 54, '2019-01-06 11:19:43'),
(1829, 172, 54, '2019-02-22 00:54:39'),
(1830, 120, 28, '2019-03-16 19:34:30'),
(1831, 76, 41, '2018-12-23 02:17:37'),
(1832, 152, 11, '2019-02-15 23:36:55'),
(1833, 240, 56, '2019-01-11 11:01:18'),
(1834, 68, 31, '2019-02-01 06:06:43'),
(1835, 208, 61, '2019-02-17 13:21:24'),
(1836, 6, 61, '2019-03-10 05:04:28'),
(1837, 32, 1, '2019-03-04 14:50:39'),
(1838, 189, 19, '2019-02-20 03:44:22'),
(1839, 118, 54, '2019-02-14 19:28:48'),
(1840, 147, 9, '2018-12-23 18:47:52'),
(1841, 36, 43, '2019-01-05 19:13:42'),
(1842, 71, 22, '2019-02-08 01:58:54'),
(1843, 213, 16, '2019-03-16 05:02:05'),
(1844, 122, 24, '2019-01-24 23:08:37'),
(1845, 36, 5, '2019-03-19 02:24:07'),
(1846, 253, 39, '2019-01-14 12:19:14'),
(1847, 215, 37, '2019-01-16 11:27:55'),
(1848, 68, 44, '2019-02-22 12:25:03'),
(1849, 76, 4, '2019-01-22 17:36:29'),
(1850, 11, 40, '2019-02-07 06:59:31'),
(1851, 204, 32, '2019-02-07 13:05:50'),
(1852, 40, 52, '2019-02-16 14:35:09'),
(1853, 174, 32, '2019-01-15 12:06:56'),
(1854, 6, 44, '2019-01-07 01:23:56'),
(1855, 250, 27, '2019-01-12 16:25:41'),
(1856, 114, 24, '2019-01-20 02:53:13'),
(1857, 279, 10, '2019-01-22 09:54:20'),
(1858, 268, 34, '2018-12-25 22:58:43'),
(1859, 118, 43, '2019-01-25 16:27:55'),
(1860, 117, 56, '2019-03-11 21:51:11'),
(1861, 63, 26, '2019-01-29 02:41:42'),
(1862, 96, 39, '2019-03-16 11:08:40'),
(1863, 2, 18, '2019-01-09 15:18:17'),
(1864, 131, 22, '2019-01-04 02:47:35'),
(1865, 111, 42, '2019-01-19 16:11:33'),
(1866, 122, 12, '2019-02-03 00:17:41'),
(1867, 134, 17, '2019-01-28 17:06:32'),
(1868, 52, 13, '2019-03-16 13:16:36'),
(1869, 259, 20, '2019-01-03 10:10:06'),
(1870, 256, 18, '2019-03-10 23:55:41'),
(1871, 300, 58, '2019-01-17 11:26:32'),
(1872, 294, 7, '2019-01-14 18:01:04'),
(1873, 56, 60, '2019-03-21 11:07:57'),
(1874, 78, 17, '2019-01-14 07:55:14'),
(1875, 54, 23, '2018-12-28 12:57:03'),
(1876, 49, 38, '2019-01-08 02:35:11'),
(1877, 102, 45, '2019-01-05 16:29:53'),
(1878, 57, 49, '2019-03-13 15:35:39'),
(1879, 184, 57, '2019-03-13 23:56:47'),
(1880, 211, 40, '2019-03-06 12:03:14'),
(1881, 262, 28, '2019-03-19 12:13:11'),
(1882, 9, 23, '2019-01-14 19:24:28'),
(1883, 66, 50, '2019-01-22 00:35:41'),
(1884, 69, 35, '2019-03-02 13:46:09'),
(1885, 101, 58, '2019-03-19 18:30:22'),
(1886, 64, 4, '2019-03-14 23:39:31'),
(1887, 41, 15, '2019-02-28 07:28:57'),
(1888, 195, 37, '2019-01-01 13:46:58'),
(1889, 132, 53, '2019-02-08 06:10:25'),
(1890, 275, 31, '2019-01-03 15:34:02'),
(1891, 1, 57, '2019-02-13 16:15:27'),
(1892, 135, 54, '2019-01-13 09:53:09'),
(1893, 204, 13, '2019-01-09 03:23:27'),
(1894, 125, 16, '2018-12-26 14:19:45'),
(1895, 55, 2, '2019-02-01 11:32:51'),
(1896, 64, 54, '2019-01-23 15:16:37'),
(1897, 252, 45, '2019-02-15 15:27:22'),
(1898, 273, 28, '2019-01-11 07:31:34'),
(1899, 15, 27, '2019-02-28 01:58:03'),
(1900, 112, 34, '2019-03-02 23:50:35'),
(1901, 256, 1, '2019-03-14 13:23:22'),
(1902, 104, 6, '2019-01-11 11:50:03'),
(1903, 223, 5, '2019-01-29 07:49:35'),
(1904, 71, 28, '2019-03-21 08:54:43'),
(1905, 122, 50, '2019-02-15 18:55:18'),
(1906, 273, 34, '2019-02-25 04:57:23'),
(1907, 294, 34, '2019-03-01 13:52:20'),
(1908, 40, 23, '2019-03-18 02:03:14'),
(1909, 95, 59, '2019-03-03 06:35:18'),
(1910, 93, 52, '2019-02-22 17:33:18'),
(1911, 89, 49, '2019-01-13 00:54:14'),
(1912, 137, 1, '2019-02-08 13:25:16'),
(1913, 272, 17, '2019-02-04 19:40:06'),
(1914, 298, 23, '2019-03-10 12:04:34'),
(1915, 136, 28, '2019-02-10 16:17:52'),
(1916, 291, 37, '2019-03-13 21:15:45'),
(1917, 206, 4, '2019-01-10 21:33:26'),
(1918, 93, 38, '2019-01-09 19:35:53'),
(1919, 193, 28, '2018-12-23 12:45:38'),
(1920, 45, 42, '2019-02-24 09:52:36'),
(1921, 247, 20, '2019-03-19 15:05:28'),
(1922, 243, 9, '2019-02-28 01:13:04'),
(1923, 246, 51, '2018-12-31 05:59:35'),
(1924, 92, 49, '2019-03-14 03:20:07'),
(1925, 156, 27, '2019-01-09 06:49:10'),
(1926, 182, 51, '2019-01-19 03:02:18'),
(1927, 273, 30, '2019-02-01 13:25:47'),
(1928, 99, 43, '2019-02-26 02:21:22'),
(1929, 184, 43, '2019-01-09 08:49:59'),
(1930, 177, 59, '2019-01-09 21:33:59'),
(1931, 8, 57, '2019-03-17 11:40:44'),
(1932, 54, 40, '2019-02-17 13:44:03'),
(1933, 251, 11, '2019-02-26 03:55:03'),
(1934, 127, 11, '2019-03-13 20:02:35'),
(1935, 43, 19, '2019-03-13 21:07:19'),
(1936, 231, 17, '2019-02-02 22:14:39'),
(1937, 193, 52, '2019-02-02 00:15:14'),
(1938, 206, 56, '2019-01-25 03:13:31'),
(1939, 162, 60, '2019-03-04 02:08:09'),
(1940, 275, 15, '2019-03-07 08:05:49'),
(1941, 167, 16, '2019-02-26 17:50:50'),
(1942, 21, 35, '2019-01-21 00:51:26'),
(1943, 9, 26, '2019-01-31 07:58:08'),
(1944, 85, 42, '2019-02-08 19:23:57'),
(1945, 296, 7, '2019-01-10 13:37:04'),
(1946, 180, 58, '2019-03-05 19:52:00'),
(1947, 75, 9, '2018-12-27 03:49:05'),
(1948, 169, 42, '2019-01-31 01:09:05'),
(1949, 291, 8, '2019-02-12 09:38:49'),
(1950, 77, 7, '2019-01-08 01:26:19'),
(1951, 109, 16, '2019-01-17 18:42:14'),
(1952, 213, 36, '2019-01-02 12:06:25'),
(1953, 174, 16, '2018-12-31 09:33:05'),
(1954, 271, 34, '2019-01-24 13:21:11'),
(1955, 36, 11, '2019-02-01 02:36:42'),
(1956, 171, 50, '2018-12-28 19:10:48'),
(1957, 225, 12, '2019-01-15 15:22:35'),
(1958, 172, 23, '2019-03-17 04:53:26'),
(1959, 245, 20, '2019-01-02 07:56:46'),
(1960, 101, 4, '2019-01-22 08:04:11'),
(1961, 71, 33, '2019-02-16 06:38:25'),
(1962, 72, 29, '2019-02-27 09:52:21'),
(1963, 249, 47, '2019-01-27 10:46:16'),
(1964, 244, 50, '2019-01-21 08:17:59'),
(1965, 294, 22, '2019-01-14 13:24:05'),
(1966, 268, 51, '2019-01-28 10:34:20'),
(1967, 149, 14, '2019-03-20 18:44:17'),
(1968, 101, 21, '2019-02-20 16:07:13'),
(1969, 46, 10, '2019-03-20 12:37:41'),
(1970, 272, 5, '2019-01-21 10:54:30'),
(1971, 206, 11, '2019-01-21 15:59:02'),
(1972, 86, 12, '2019-01-30 11:00:17'),
(1973, 13, 32, '2019-01-02 03:44:54'),
(1974, 40, 17, '2019-01-12 11:13:05'),
(1975, 89, 28, '2019-02-17 19:27:35'),
(1976, 239, 43, '2019-01-24 18:52:08'),
(1977, 169, 14, '2019-01-13 08:31:25'),
(1978, 284, 30, '2019-01-30 06:25:26'),
(1979, 241, 29, '2018-12-22 21:04:03'),
(1980, 13, 12, '2019-03-03 02:48:59'),
(1981, 6, 47, '2019-01-31 22:00:25'),
(1982, 218, 57, '2019-03-08 10:55:43'),
(1983, 9, 35, '2019-02-08 22:08:44'),
(1984, 202, 31, '2019-01-14 17:52:43'),
(1985, 21, 2, '2019-02-17 20:51:12'),
(1986, 212, 48, '2019-01-28 06:09:58'),
(1987, 22, 2, '2019-03-05 23:14:44'),
(1988, 167, 56, '2019-03-18 20:15:46'),
(1989, 299, 12, '2019-01-08 21:27:26'),
(1990, 226, 11, '2019-02-27 01:47:45'),
(1991, 50, 26, '2019-02-04 16:43:17'),
(1992, 149, 55, '2019-02-10 15:17:02'),
(1993, 43, 42, '2019-03-05 16:00:01'),
(1994, 87, 47, '2018-12-29 02:13:52'),
(1995, 17, 49, '2019-01-17 18:35:01'),
(1996, 228, 12, '2019-02-20 21:55:16'),
(1997, 286, 27, '2019-02-03 18:27:55'),
(1998, 110, 52, '2019-02-22 08:31:01'),
(1999, 149, 53, '2019-02-10 07:36:18'),
(2000, 22, 41, '2019-01-22 03:51:51'),
(2001, 216, 42, '2019-01-28 01:13:15');

-- --------------------------------------------------------

--
-- Table structure for table `post`
--

CREATE TABLE `post` (
  `idPost` int(11) NOT NULL,
  `type` enum('txt','img','','') NOT NULL,
  `text` varchar(255) NOT NULL,
  `datePost` timestamp NOT NULL DEFAULT CURRENT_TIMESTAMP ON UPDATE CURRENT_TIMESTAMP,
  `idUser` int(11) NOT NULL,
  `imgDirectory` varchar(255) DEFAULT NULL
) ENGINE=InnoDB DEFAULT CHARSET=latin1;

--
-- Dumping data for table `post`
--

INSERT INTO `post` (`idPost`, `type`, `text`, `datePost`, `idUser`, `imgDirectory`) VALUES
(1, 'txt', 'Duh bosen nih', '2019-03-09 01:51:44', 1, NULL),
(2, 'txt', 'Squeeze the green sheep!', '2018-12-23 22:42:00', 24, NULL),
(3, 'txt', 'Get this finicky moon from that sharp village!', '2019-01-22 15:22:50', 6, NULL),
(4, 'txt', 'Fix the doctor!', '2018-12-22 11:34:40', 20, NULL),
(5, 'txt', 'Could this librarian above a tense mild-mannered shrubbery jump this dog?', '2019-01-12 08:05:45', 16, NULL),
(6, 'txt', 'Could this mild-mannered buffalo throw this city?', '2018-12-30 05:07:35', 26, NULL),
(7, 'txt', 'Could this moon belong this shark?', '2019-01-01 20:45:18', 39, NULL),
(8, 'txt', 'Squeeze this green shrubbery!', '2019-03-11 12:24:27', 43, NULL),
(9, 'txt', 'Pull a dog!', '2019-03-03 18:03:55', 2, NULL),
(10, 'txt', 'Fix the hatter!', '2019-02-23 21:35:18', 30, NULL),
(11, 'txt', 'That red dog at this sheep ate the doctor.', '2018-12-29 11:47:41', 32, NULL),
(12, 'txt', 'Did the debonair perspicacious big moon belong the dog?', '2019-03-20 20:55:46', 45, NULL),
(13, 'txt', 'String a librarian in a sharp buffalo!', '2019-02-06 00:19:10', 4, NULL),
(14, 'txt', 'Could this delectable shark near a hatter belong a finicky sheep near a doctor?', '2019-02-17 09:32:44', 29, NULL),
(15, 'txt', 'Pull this finicky librarian from this dog!', '2019-03-13 01:44:52', 8, NULL),
(16, 'txt', 'Will the cow from this buffalo milk this cow with the big skyscraper?', '2019-02-22 11:44:54', 49, NULL),
(17, 'txt', 'Thread that low dog!', '2019-02-01 19:00:24', 7, NULL),
(18, 'txt', 'Fix this moon!', '2019-01-07 16:51:16', 36, NULL),
(19, 'txt', 'A silly shark near this finicky brainy librarian thought a cow.', '2018-12-30 20:41:58', 59, NULL),
(20, 'txt', 'Fix that finicky delectable rabbit!', '2019-03-14 22:45:47', 20, NULL),
(21, 'txt', 'Launch the doctor!', '2019-01-25 04:51:02', 46, NULL),
(22, 'txt', 'That buffalo under a shrubbery jumped that cow.', '2019-02-25 16:43:55', 41, NULL),
(23, 'txt', 'A silly programmer ate this tense robust rabbit.', '2019-02-24 18:00:33', 37, NULL),
(24, 'txt', 'Could this skyscraper at this sharp humdrum debonair moon throw this low debonair big finicky doctor?', '2019-03-15 16:47:43', 25, NULL),
(25, 'txt', 'Did that buffalo gnash that city?', '2019-01-02 09:30:22', 53, NULL),
(26, 'txt', 'A shrubbery ran a earthy ball.', '2019-01-04 15:38:26', 45, NULL),
(27, 'txt', 'Should this mellow expensive sheep glue the ball under that hatter?', '2019-01-15 20:09:00', 17, NULL),
(28, 'txt', 'That cute cow mightily grated a dog.', '2019-01-08 07:13:14', 61, NULL),
(29, 'txt', 'Should this wet moon from this librarian grate a librarian?', '2019-02-18 12:29:19', 34, NULL),
(30, 'txt', 'Could that sharp city at a big village eat a perspicacious sheep?', '2019-03-04 18:05:50', 59, NULL),
(31, 'txt', 'Break a village at a cow!', '2019-01-16 06:09:41', 39, NULL),
(32, 'txt', 'Should the big blushing shark with a robust low sheep gnash that shark above that mellow sheep?', '2019-01-19 02:22:35', 6, NULL),
(33, 'txt', 'Break a buffalo!', '2019-02-02 22:45:26', 27, NULL),
(34, 'txt', 'Should a debonair cute soft city itch a buffalo?', '2019-01-13 19:29:26', 27, NULL),
(35, 'txt', 'Should that skyscraper grease a earthy silly humdrum mild-mannered low programmer near a skyscraper?', '2019-01-02 22:44:58', 53, NULL),
(36, 'txt', 'This shark gnashed the expensive red sharp buffalo.', '2019-01-26 14:06:19', 2, NULL),
(37, 'txt', 'The sharp debonair silly finicky city with the city ate that skyscraper.', '2019-01-23 02:26:26', 55, NULL),
(38, 'txt', 'Squeeze that sheep!', '2019-03-20 17:10:26', 40, NULL),
(39, 'txt', 'String that sharp brainy city!', '2019-01-20 14:18:09', 47, NULL),
(40, 'txt', 'Did that debonair wet green low sheep with the ball grease that cow?', '2019-03-02 18:35:48', 5, NULL),
(41, 'txt', 'This dog near a low expensive debonair buffalo thought a red silly moon with this moon.', '2019-03-07 18:00:17', 40, NULL),
(42, 'txt', 'Squeeze that brainy earthy librarian under that soft sheep!', '2019-02-23 20:41:46', 10, NULL),
(43, 'txt', 'Will the moon with this expensive blushing sheep learn a moon above this hatter?', '2019-02-13 01:41:26', 1, NULL),
(44, 'txt', 'Break the programmer near a shark!', '2019-02-24 12:18:58', 50, NULL),
(45, 'txt', 'Will a green city with this green robust buffalo glue that dog near a finicky cute village?', '2019-01-27 17:40:29', 5, NULL),
(46, 'txt', 'Could a green rabbit above the shrubbery bring this librarian?', '2019-01-05 16:43:32', 28, NULL),
(47, 'txt', 'Get this librarian in the moon!', '2019-02-12 08:37:06', 14, NULL),
(48, 'txt', 'Did the city gnash this skyscraper?', '2019-02-14 02:21:32', 9, NULL),
(49, 'txt', 'Will a expensive cow with the hatter learn the shrubbery from a green silly expensive hatter?', '2019-02-09 12:50:25', 22, NULL),
(50, 'txt', 'A moon jumped that perspicacious librarian in this cow.', '2019-03-05 04:21:12', 30, NULL),
(51, 'txt', 'Break a cow near the skyscraper!', '2019-01-14 11:34:21', 8, NULL),
(52, 'txt', 'The buffalo in the librarian threw that robust debonair sharp hatter in this blushing dog.', '2018-12-28 07:33:42', 44, NULL),
(53, 'txt', 'Will that moon grease the cute sharp rabbit?', '2018-12-25 10:34:57', 60, NULL),
(54, 'txt', 'Should that cow from that expensive shrubbery grease that perspicacious shrubbery?', '2019-02-23 04:25:18', 35, NULL),
(55, 'txt', 'Launch this humdrum doctor near this perspicacious rabbit!', '2019-02-03 06:38:06', 41, NULL),
(56, 'txt', 'Will a hatter glue this hatter at the rabbit?', '2018-12-21 16:47:47', 7, NULL),
(57, 'txt', 'Thread a blushing mellow hatter!', '2019-03-12 05:43:42', 25, NULL),
(58, 'txt', 'A debonair humdrum sharp buffalo near a buffalo shrilly mightily threw that green sheep.', '2019-01-16 03:44:56', 46, NULL),
(59, 'txt', 'A moon at the skyscraper smugly ran a ball.', '2019-02-22 09:34:22', 30, NULL),
(60, 'txt', 'The shrubbery above a dog thought the skyscraper.', '2019-02-20 03:46:41', 37, NULL),
(61, 'txt', 'Get this programmer near this mild-mannered city!', '2019-02-05 15:44:15', 26, NULL),
(62, 'txt', 'Fix the shrubbery with this shark!', '2019-01-27 10:46:40', 8, NULL),
(63, 'txt', 'A shark thought this hatter.', '2019-03-07 12:41:05', 46, NULL),
(64, 'txt', 'Should this humdrum moon jump a moon in that silly buffalo?', '2019-03-03 20:18:12', 8, NULL),
(65, 'txt', 'This rabbit in that wet cow unflinchingly ran the skyscraper.', '2019-03-18 08:34:10', 30, NULL),
(66, 'txt', 'Did a ball at a hatter salivate a robust shrubbery?', '2019-01-07 03:04:46', 3, NULL),
(67, 'txt', 'Launch this skyscraper!', '2019-02-28 10:45:36', 16, NULL),
(68, 'txt', 'Did this dog near that humdrum moon eat that silly red dog?', '2019-02-15 15:34:10', 22, NULL),
(69, 'txt', 'String that librarian in this dog!', '2018-12-27 19:16:13', 38, NULL),
(70, 'txt', 'Fetch a big skyscraper in the red expensive ball!', '2019-02-22 07:28:13', 47, NULL),
(71, 'txt', 'This ball at that expensive shark climbed this ball near this moon.', '2018-12-22 12:05:10', 8, NULL),
(72, 'txt', 'Thread the finicky skyscraper under the skyscraper!', '2019-03-08 23:22:15', 40, NULL),
(73, 'txt', 'A mild-mannered soft village milked the delectable brainy shrubbery from this city.', '2019-02-24 11:10:32', 8, NULL),
(74, 'txt', 'A silly ball ate that green cute earthy brainy librarian in the robust sharp cow.', '2019-02-26 12:11:58', 10, NULL),
(75, 'txt', 'Fix the red shark in that blushing brainy doctor!', '2018-12-30 07:49:40', 17, NULL),
(76, 'txt', 'Break this ball!', '2019-03-20 18:27:04', 30, NULL),
(77, 'txt', 'Thread the hatter from that shrubbery!', '2019-01-15 04:47:47', 19, NULL),
(78, 'txt', 'Could that big earthy moon glue a shark?', '2019-02-11 21:45:29', 21, NULL),
(79, 'txt', 'Thread the sheep above a moon!', '2019-03-04 06:38:52', 2, NULL),
(80, 'txt', 'Fetch a red big silly city under this cute tense perspicacious village!', '2019-01-08 00:57:18', 60, NULL),
(81, 'txt', 'This librarian grated this soft hatter from this ball.', '2019-01-22 22:31:08', 42, NULL),
(82, 'txt', 'This programmer with the cow ran the shrubbery near the soft humdrum skyscraper.', '2019-01-20 07:15:46', 10, NULL),
(83, 'txt', 'Will that shrubbery in a cute dog grate this brainy shark under a skyscraper?', '2019-01-23 15:52:09', 14, NULL),
(84, 'txt', 'Will this dog boil that cute city?', '2018-12-31 09:02:11', 37, NULL),
(85, 'txt', 'That shrubbery selflessly thought a doctor in this sheep.', '2018-12-26 04:43:59', 21, NULL),
(86, 'txt', 'That shrubbery gnashed a blushing skyscraper in this shark.', '2019-01-10 18:09:25', 54, NULL),
(87, 'txt', 'Break the buffalo from the librarian!', '2019-03-07 08:31:26', 43, NULL),
(88, 'txt', 'That village ate that shrubbery.', '2019-02-23 15:15:17', 55, NULL),
(89, 'txt', 'Did that librarian with that soft cow grate the programmer in the blushing buffalo?', '2018-12-22 04:06:37', 23, NULL),
(90, 'txt', 'Should the cute wet shark gnash that cow?', '2019-01-09 09:04:32', 61, NULL),
(91, 'txt', 'Fetch that brainy moon under a shark!', '2019-02-09 00:32:23', 20, NULL),
(92, 'txt', 'Will that robust cute programmer grate this doctor under a city?', '2019-02-19 06:26:22', 24, NULL),
(93, 'txt', 'Could this dog throw that doctor?', '2019-02-04 20:20:32', 39, NULL),
(94, 'txt', 'That low wet green soft tense perspicacious sheep at this village ate that skyscraper with that cute mellow delectable rabbit.', '2019-02-14 11:36:18', 52, NULL),
(95, 'txt', 'This tense moon shrilly ran the perspicacious tense delectable shark.', '2019-03-01 10:07:44', 55, NULL),
(96, 'txt', 'Fix that skyscraper!', '2019-01-20 06:32:39', 57, NULL),
(97, 'txt', 'Break this perspicacious big dog!', '2019-02-16 16:45:05', 2, NULL),
(98, 'txt', 'Thread this red sharp mild-mannered ball near a librarian!', '2019-03-01 02:37:46', 2, NULL),
(99, 'txt', 'Launch that programmer under that blushing doctor!', '2018-12-27 22:21:34', 36, NULL),
(100, 'txt', 'Could the city gnash a low mild-mannered mellow earthy cow near this finicky buffalo?', '2018-12-24 22:58:41', 48, NULL),
(101, 'txt', 'Launch this finicky sharp cow at the sheep!', '2018-12-22 10:16:07', 13, NULL),
(102, 'txt', 'A ball in that brainy programmer ate a skyscraper.', '2019-01-15 12:27:17', 34, NULL),
(103, 'txt', 'Fetch this ball!', '2018-12-30 20:51:18', 53, NULL),
(104, 'txt', 'A low shark near the ball threw this ball from this cow.', '2019-03-15 16:03:46', 5, NULL),
(105, 'txt', 'Did that brainy sharp hatter from a sheep jump the buffalo in the village?', '2019-01-02 16:19:49', 60, NULL),
(106, 'txt', 'A hatter grated this sheep.', '2019-02-07 20:12:46', 54, NULL),
(107, 'txt', 'Could that robust cow glue the dog under that sheep?', '2019-01-15 21:38:07', 39, NULL),
(108, 'txt', 'Squeeze that mellow debonair shrubbery under the red low mild-mannered doctor!', '2019-03-19 22:31:22', 17, NULL),
(109, 'txt', 'Get a sharp dog!', '2019-02-26 10:24:08', 54, NULL),
(110, 'txt', 'Did this wet skyscraper above this silly village jump a moon at the cow?', '2018-12-29 21:16:02', 49, NULL),
(111, 'txt', 'Should that mild-mannered sharp red doctor milk the shark above a shark?', '2019-01-03 23:00:17', 54, NULL),
(112, 'txt', 'Will this blushing delectable moon throw that rabbit in that silly doctor?', '2019-02-25 00:32:45', 46, NULL),
(113, 'txt', 'Fetch that cow from that expensive red doctor!', '2019-01-04 11:02:03', 22, NULL),
(114, 'txt', 'Get that programmer with that sharp shrubbery!', '2018-12-23 17:27:45', 20, NULL),
(115, 'txt', 'Thread that hatter with this perspicacious delectable expensive village!', '2019-02-25 03:59:53', 49, NULL),
(116, 'txt', 'The silly green finicky doctor grated this delectable buffalo from this humdrum doctor.', '2019-02-10 00:53:08', 4, NULL),
(117, 'txt', 'Squeeze this village!', '2019-03-05 21:32:05', 28, NULL),
(118, 'txt', 'Fetch this city under this ball!', '2019-02-28 17:11:07', 18, NULL),
(119, 'txt', 'Could this city eat a dog?', '2018-12-28 22:22:52', 11, NULL),
(120, 'txt', 'Could the moon jump a rabbit at that cute expensive shark?', '2019-01-24 07:51:27', 17, NULL),
(121, 'txt', 'Did that moon above that sheep gnash that shark?', '2019-01-25 22:46:10', 55, NULL),
(122, 'txt', 'Did the city grate this brainy hatter near the shark?', '2019-01-29 10:11:34', 54, NULL),
(123, 'txt', 'Should a green skyscraper eat this mild-mannered moon above a ball?', '2019-01-08 14:15:47', 27, NULL),
(124, 'txt', 'This hatter grated this low city with the programmer.', '2018-12-27 02:58:13', 50, NULL),
(125, 'txt', 'Could this silly cow with that humdrum brainy big soft silly mellow robust tense rabbit belong that city?', '2019-02-22 08:10:00', 57, NULL),
(126, 'txt', 'Could this programmer at a skyscraper boil this doctor?', '2019-02-09 06:30:52', 47, NULL),
(127, 'txt', 'That humdrum delectable programmer selflessly climbed a shrubbery with that moon.', '2018-12-21 19:54:21', 31, NULL),
(128, 'txt', 'This sheep under a rabbit shrilly lazily gnashed this cow at this programmer.', '2019-02-22 10:36:25', 36, NULL),
(129, 'txt', 'Should a sheep throw the soft expensive hatter in this village?', '2019-01-17 00:08:00', 44, NULL),
(130, 'txt', 'A sharp village above the green programmer threw that soft skyscraper.', '2019-03-05 09:17:30', 22, NULL),
(131, 'txt', 'Will this wet sheep in a shark salivate that tense city in the cute big sharp humdrum skyscraper?', '2018-12-21 22:08:54', 49, NULL),
(132, 'txt', 'String this shrubbery!', '2019-01-25 03:49:07', 6, NULL),
(133, 'txt', 'Did that delectable sheep with this shark grate the debonair moon from that finicky hatter?', '2019-01-30 22:15:53', 7, NULL),
(134, 'txt', 'Fetch a doctor near this doctor!', '2019-01-01 15:38:33', 22, NULL),
(135, 'txt', 'Pull that soft librarian from the big rabbit!', '2019-03-03 16:14:55', 23, NULL),
(136, 'txt', 'Should a red big hatter above this shark grate this shrubbery?', '2018-12-23 23:19:14', 46, NULL),
(137, 'txt', 'Could that village above the robust soft tense low doctor boil the cute moon near that big village?', '2019-03-17 23:25:20', 23, NULL),
(138, 'txt', 'Pull this programmer at this city!', '2019-02-21 06:41:45', 13, NULL),
(139, 'txt', 'Should the moon glue that tense sheep under a earthy buffalo?', '2019-02-07 10:01:28', 7, NULL),
(140, 'txt', 'The sharp red debonair programmer grated a shark.', '2019-03-18 12:52:12', 38, NULL),
(141, 'txt', 'Could this sheep bring this sheep with a red sheep?', '2019-02-19 17:15:32', 22, NULL),
(142, 'txt', 'Fix the earthy village at this earthy skyscraper!', '2019-02-22 10:25:01', 1, NULL),
(143, 'txt', 'Could the shrubbery jump that sheep?', '2019-02-26 00:22:12', 40, NULL),
(144, 'txt', 'String that low perspicacious doctor at that hatter!', '2019-03-17 00:23:32', 23, NULL),
(145, 'txt', 'Did the programmer throw that robust ball above that dog?', '2019-03-16 10:50:56', 30, NULL),
(146, 'txt', 'Could a moon at that cow glue a rabbit?', '2019-02-22 08:11:04', 23, NULL),
(147, 'txt', 'A finicky blushing robust cow reluctantly lazily gnashed the city with that green dog.', '2019-03-20 13:52:44', 29, NULL),
(148, 'txt', 'Should that brainy silly doctor with the buffalo eat this low mild-mannered moon in that city?', '2019-03-01 19:40:55', 27, NULL),
(149, 'txt', 'That debonair librarian ran this rabbit.', '2019-01-24 20:55:04', 48, NULL),
(150, 'txt', 'The wet village in this sheep milked a ball in that cute doctor.', '2019-01-27 11:22:39', 39, NULL),
(151, 'txt', 'Fetch this expensive silly librarian!', '2019-01-30 11:39:59', 8, NULL),
(152, 'txt', 'Launch a shark!', '2019-01-04 12:09:28', 30, NULL),
(153, 'txt', 'The green programmer near this shrubbery grated a rabbit in the village.', '2019-01-24 12:34:04', 33, NULL),
(154, 'txt', 'Did the librarian boil this finicky hatter?', '2019-02-03 20:54:41', 21, NULL),
(155, 'txt', 'That doctor mightily anxiously oddly gnashed that brainy sharp shrubbery under that cow.', '2019-03-04 11:02:00', 30, NULL),
(156, 'txt', 'Get the doctor near that blushing shrubbery!', '2019-03-14 12:18:49', 42, NULL),
(157, 'txt', 'Could this village milk that finicky shrubbery under the silly cow?', '2019-03-21 05:25:35', 30, NULL),
(158, 'txt', 'That shrubbery jumped a buffalo.', '2019-02-09 00:02:41', 18, NULL),
(159, 'txt', 'Did the programmer salivate that finicky moon at that shrubbery?', '2018-12-26 12:01:09', 15, NULL),
(160, 'txt', 'Squeeze a buffalo!', '2019-02-16 10:34:08', 25, NULL),
(161, 'txt', 'The earthy delectable moon from the cute low silly cow grated that programmer under that programmer.', '2018-12-26 16:53:51', 38, NULL),
(162, 'txt', 'This sheep in the delectable brainy wet ball milked the perspicacious sharp hatter.', '2019-02-06 01:30:48', 23, NULL),
(163, 'txt', 'A big hatter ate the sharp debonair shrubbery.', '2019-02-09 20:59:10', 31, NULL),
(164, 'txt', 'Fix a brainy shrubbery with that dog!', '2019-01-05 19:23:59', 18, NULL),
(165, 'txt', 'This silly earthy doctor milked a doctor.', '2019-03-19 19:06:18', 26, NULL),
(166, 'txt', 'Squeeze that shark!', '2019-03-16 09:32:33', 58, NULL),
(167, 'txt', 'Will this expensive ball gnash a skyscraper from the earthy dog?', '2019-03-06 10:31:33', 32, NULL),
(168, 'txt', 'Should the brainy rabbit grease a green sheep?', '2019-03-15 04:53:29', 46, NULL),
(169, 'txt', 'The ball milked that perspicacious programmer under the humdrum tense shrubbery.', '2019-02-26 16:26:33', 53, NULL),
(170, 'txt', 'That doctor grated a rabbit.', '2019-02-03 06:23:38', 31, NULL),
(171, 'txt', 'Should this cow at a perspicacious expensive moon itch this finicky soft silly perspicacious rabbit?', '2019-01-22 12:53:43', 36, NULL),
(172, 'txt', 'Could the librarian grate a big shrubbery?', '2019-01-25 15:12:38', 20, NULL),
(173, 'txt', 'Should that moon in the shrubbery grate a skyscraper?', '2019-02-15 14:44:14', 42, NULL),
(174, 'txt', 'This mild-mannered doctor in a red robust expensive shrubbery threw a ball.', '2019-01-04 20:47:04', 53, NULL),
(175, 'txt', 'Launch that big programmer!', '2019-03-03 20:55:54', 2, NULL),
(176, 'txt', 'Did that low librarian salivate that wet village at that village?', '2019-02-25 10:05:19', 15, NULL),
(177, 'txt', 'Will a low silly librarian under that mellow cute doctor glue that dog?', '2019-02-18 06:40:54', 45, NULL),
(178, 'txt', 'Squeeze that cute village!', '2018-12-25 03:38:10', 29, NULL),
(179, 'txt', 'Should the village from this delectable hatter salivate that ball?', '2019-01-16 17:02:03', 8, NULL),
(180, 'txt', 'Will a ball at this ball eat a hatter with this cow?', '2019-02-19 03:56:08', 16, NULL),
(181, 'txt', 'Could the sharp shrubbery from this shrubbery glue the brainy village in that skyscraper?', '2019-03-16 02:02:09', 36, NULL),
(182, 'txt', 'The ball in a buffalo climbed that sharp hatter above a shark.', '2019-02-23 18:16:19', 27, NULL),
(183, 'txt', 'Launch the expensive robust programmer under the programmer!', '2019-02-06 16:56:54', 39, NULL),
(184, 'txt', 'A rabbit above that expensive sheep deliberately jumped that mellow low blushing cute expensive cow.', '2019-02-14 17:07:19', 12, NULL),
(185, 'txt', 'Did a finicky brainy sheep at this city glue the mellow programmer?', '2019-02-27 10:45:41', 24, NULL),
(186, 'txt', 'Did this buffalo near this mild-mannered wet earthy dog belong that doctor?', '2019-01-14 09:52:08', 23, NULL),
(187, 'txt', 'This programmer with the hatter grated this skyscraper.', '2018-12-30 23:50:53', 60, NULL),
(188, 'txt', 'The hatter in that red big shrubbery milked a ball.', '2019-01-17 16:22:42', 30, NULL),
(189, 'txt', 'That shark in the blushing earthy cow milked this hatter.', '2018-12-27 00:09:58', 10, NULL),
(190, 'txt', 'This low shrubbery ran the buffalo under that shrubbery.', '2019-02-01 14:27:12', 6, NULL),
(191, 'txt', 'A village with a city shrilly anxiously mightily thought this mild-mannered tense sharp silly earthy moon.', '2019-02-03 21:21:38', 56, NULL),
(192, 'txt', 'That brainy doctor near a shark jumped this sheep.', '2019-01-17 03:53:15', 35, NULL),
(193, 'txt', 'Fix this librarian!', '2019-03-03 09:06:35', 6, NULL),
(194, 'txt', 'Get this delectable skyscraper at the programmer!', '2019-02-21 14:15:03', 22, NULL),
(195, 'txt', 'Should a expensive city boil the programmer?', '2019-02-27 18:57:16', 58, NULL),
(196, 'txt', 'Fetch that silly librarian!', '2018-12-31 04:10:05', 50, NULL),
(197, 'txt', 'Could this ball salivate the expensive sharp red rabbit with a shrubbery?', '2019-02-11 06:06:23', 15, NULL),
(198, 'txt', 'A green shrubbery shrilly unflinchingly threw the soft mellow rabbit at the hatter.', '2019-02-04 21:53:49', 7, NULL),
(199, 'txt', 'This village jumped that city near the expensive wet big cow.', '2019-02-04 22:10:42', 59, NULL),
(200, 'txt', 'Will a rabbit eat that librarian in the cow?', '2018-12-23 19:49:17', 54, NULL),
(201, 'txt', 'The sharp village threw the debonair wet buffalo above the shark.', '2018-12-26 10:14:49', 11, NULL),
(202, 'txt', 'That hatter vivaciously jumped the shark.', '2019-01-07 08:54:39', 22, NULL),
(203, 'txt', 'This cow jumped this mild-mannered silly village with the rabbit.', '2019-02-01 01:27:00', 56, NULL),
(204, 'txt', 'Could the moon belong this mellow buffalo above that delectable red moon?', '2019-02-14 00:36:41', 57, NULL),
(205, 'txt', 'Did a earthy tense sharp blushing sheep belong this moon?', '2019-01-08 23:48:36', 38, NULL),
(206, 'txt', 'That cow ran the mild-mannered sheep with a librarian.', '2019-01-22 19:08:29', 37, NULL),
(207, 'txt', 'Get a shrubbery!', '2019-03-10 12:24:24', 31, NULL),
(208, 'txt', 'Thread the doctor under this librarian!', '2019-02-08 14:42:52', 2, NULL),
(209, 'txt', 'Could the hatter grease the librarian?', '2019-02-24 14:54:27', 31, NULL),
(210, 'txt', 'Launch a hatter!', '2019-03-04 12:16:48', 38, NULL),
(211, 'txt', 'Will that expensive programmer grate a shark?', '2019-03-16 01:25:49', 26, NULL),
(212, 'txt', 'A silly skyscraper thought that finicky low ball at that silly red blushing brainy sheep.', '2019-01-10 12:55:41', 53, NULL),
(213, 'txt', 'Thread a sheep!', '2019-02-16 04:00:25', 2, NULL),
(214, 'txt', 'Get that expensive soft dog with a robust dog!', '2019-02-11 15:31:16', 3, NULL),
(215, 'txt', 'This earthy expensive village above that humdrum mild-mannered rabbit selflessly ate the sharp skyscraper.', '2019-01-08 01:10:27', 42, NULL),
(216, 'txt', 'String the village!', '2019-01-11 15:04:58', 21, NULL),
(217, 'txt', 'That dog under that humdrum ball thought a cow with that finicky librarian.', '2019-02-09 02:33:17', 41, NULL),
(218, 'txt', 'Pull that shrubbery near a cute dog!', '2019-01-09 19:02:04', 27, NULL),
(219, 'txt', 'This green librarian in the buffalo ate this shrubbery in the robust cow.', '2019-02-19 19:09:30', 60, NULL),
(220, 'txt', 'String that low green finicky hatter!', '2018-12-24 00:52:53', 54, NULL),
(221, 'txt', 'Fetch the red mild-mannered expensive wet librarian with a village!', '2018-12-25 20:52:30', 23, NULL),
(222, 'txt', 'Should a moon salivate that dog in a rabbit?', '2018-12-29 10:58:34', 12, NULL),
(223, 'txt', 'Launch that ball near this dog!', '2019-01-15 09:31:48', 40, NULL),
(224, 'txt', 'Could this expensive rabbit milk a shark from this shark?', '2018-12-28 21:55:54', 58, NULL),
(225, 'txt', 'The shark grated that ball near a ball.', '2019-02-06 22:13:11', 41, NULL),
(226, 'txt', 'A low programmer from a moon grated the cute skyscraper above that delectable buffalo.', '2019-03-10 00:09:14', 1, NULL),
(227, 'txt', 'Launch the brainy dog in the shrubbery!', '2019-02-25 07:08:40', 59, NULL),
(228, 'txt', 'The delectable programmer reluctantly jumped that ball above that programmer.', '2019-03-13 06:17:54', 8, NULL),
(229, 'txt', 'Fetch that delectable debonair city!', '2019-03-21 00:20:44', 43, NULL),
(230, 'txt', 'Will the cow learn this robust soft delectable rabbit at that tense shark?', '2019-03-03 16:08:20', 13, NULL),
(231, 'txt', 'Squeeze a tense mellow skyscraper!', '2019-01-20 02:47:04', 20, NULL),
(232, 'txt', 'Squeeze that brainy sharp wet shrubbery!', '2019-02-02 14:49:31', 31, NULL),
(233, 'txt', 'Should the skyscraper near this rabbit bring that sheep at that programmer?', '2019-01-18 08:55:19', 3, NULL),
(234, 'txt', 'Thread a village from the buffalo!', '2019-03-10 21:51:05', 27, NULL),
(235, 'txt', 'Could the big low skyscraper above the shrubbery bring that sharp cute robust shark?', '2019-03-11 18:31:21', 27, NULL),
(236, 'txt', 'Did this rabbit bring that wet shrubbery?', '2019-02-12 21:28:46', 59, NULL),
(237, 'txt', 'A programmer climbed that city.', '2018-12-26 01:00:18', 55, NULL),
(238, 'txt', 'Could this perspicacious dog at this sharp mild-mannered doctor belong a cow?', '2019-01-28 16:12:41', 35, NULL),
(239, 'txt', 'Should that programmer jump that moon?', '2019-02-02 21:37:09', 39, NULL),
(240, 'txt', 'That skyscraper ate a moon from this perspicacious soft librarian.', '2019-03-20 20:26:12', 36, NULL),
(241, 'txt', 'Squeeze that shrubbery!', '2019-01-16 13:29:54', 33, NULL),
(242, 'txt', 'Could that city belong this sheep with that wet sheep?', '2019-03-17 08:16:14', 42, NULL),
(243, 'txt', 'Break this ball near this wet village!', '2019-03-09 04:51:36', 46, NULL),
(244, 'txt', 'Pull the librarian!', '2019-02-04 20:09:35', 23, NULL),
(245, 'txt', 'The shark threw that tense ball in this sheep.', '2019-02-01 12:23:06', 56, NULL),
(246, 'txt', 'Will this humdrum librarian glue the dog under that robust skyscraper?', '2019-03-15 12:13:03', 55, NULL),
(247, 'txt', 'Could this skyscraper glue a delectable librarian?', '2019-01-14 19:02:24', 51, NULL),
(248, 'txt', 'Could this doctor grease a ball?', '2019-02-05 13:58:39', 61, NULL),
(249, 'txt', 'Launch that ball under this sharp skyscraper!', '2019-03-04 16:58:32', 32, NULL),
(250, 'txt', 'Did the silly city above the librarian gnash that shark above that soft green wet blushing delectable librarian?', '2019-02-19 19:42:48', 36, NULL),
(251, 'txt', 'The village climbed this dog.', '2019-03-11 23:54:13', 21, NULL),
(252, 'txt', 'Squeeze that humdrum cow!', '2019-01-01 22:18:42', 30, NULL),
(253, 'txt', 'A doctor deliberately milked a shark under this low librarian.', '2019-01-08 13:25:37', 19, NULL),
(254, 'txt', 'String that red cow at this finicky sharp buffalo!', '2019-03-19 23:28:52', 34, NULL),
(255, 'txt', 'String the moon with a shark!', '2019-02-02 10:41:26', 20, NULL),
(256, 'txt', 'Thread a moon under this debonair buffalo!', '2019-03-14 06:48:06', 35, NULL),
(257, 'txt', 'Could that sheep eat this sheep under this perspicacious shrubbery?', '2019-01-23 08:44:10', 25, NULL),
(258, 'txt', 'That cow under that brainy tense earthy robust soft humdrum rabbit grated that ball with the mild-mannered earthy buffalo.', '2019-01-25 04:44:56', 49, NULL),
(259, 'txt', 'Fetch a sheep near this programmer!', '2019-01-13 07:51:50', 59, NULL),
(260, 'txt', 'Fetch that dog!', '2019-03-13 13:22:03', 20, NULL),
(261, 'txt', 'Fetch the shark under a rabbit!', '2019-01-25 19:12:06', 58, NULL),
(262, 'txt', 'This ball anxiously milked a city with the red mellow cute sheep.', '2019-02-13 05:32:16', 17, NULL),
(263, 'txt', 'Pull that buffalo above this skyscraper!', '2019-01-10 15:29:26', 34, NULL),
(264, 'txt', 'Will the humdrum mild-mannered sheep from a silly ball learn that soft hatter at that ball?', '2019-01-16 08:33:33', 40, NULL),
(265, 'txt', 'Break the ball in the librarian!', '2019-03-02 01:59:23', 20, NULL),
(266, 'txt', 'That librarian unflinchingly thought a skyscraper.', '2019-01-19 07:41:28', 54, NULL),
(267, 'txt', 'Could the debonair finicky moon at the sharp brainy moon boil the expensive librarian?', '2019-01-15 14:31:06', 27, NULL),
(268, 'txt', 'Break a sharp sheep near this tense shark!', '2019-01-13 23:37:46', 23, NULL),
(269, 'txt', 'Did the rabbit from this dog jump the programmer?', '2019-01-15 14:20:26', 11, NULL),
(270, 'txt', 'A big city lazily grated this village.', '2019-02-10 15:03:13', 57, NULL),
(271, 'txt', 'Did a hatter in this hatter salivate a perspicacious buffalo?', '2018-12-21 18:32:05', 60, NULL),
(272, 'txt', 'Break the expensive city above the sheep!', '2019-02-03 12:24:14', 28, NULL),
(273, 'txt', 'Did that librarian at a sharp perspicacious big buffalo bring the hatter?', '2019-02-22 06:14:53', 58, NULL),
(274, 'txt', 'Thread that brainy ball!', '2019-03-02 00:12:58', 12, NULL),
(275, 'txt', 'Break a sheep in the wet soft expensive debonair doctor!', '2019-03-01 18:00:46', 41, NULL),
(276, 'txt', 'Did this red village above a mild-mannered shark eat this tense doctor in that doctor?', '2019-01-24 00:55:12', 3, NULL),
(277, 'txt', 'This doctor near a humdrum shark milked this doctor above that perspicacious silly doctor.', '2019-01-29 08:27:34', 22, NULL),
(278, 'txt', 'Will that village throw a buffalo with the programmer?', '2019-01-03 09:48:19', 54, NULL),
(279, 'txt', 'String a skyscraper!', '2019-02-28 18:50:49', 35, NULL),
(280, 'txt', 'Should the city above the sheep salivate the expensive soft sheep?', '2019-02-12 23:45:44', 11, NULL),
(281, 'txt', 'A rabbit gnashed the expensive ball.', '2019-02-17 11:59:16', 35, NULL),
(282, 'txt', 'Fix the tense city near that librarian!', '2018-12-26 04:43:57', 8, NULL),
(283, 'txt', 'Should that earthy humdrum finicky village gnash that moon?', '2019-01-05 22:12:20', 38, NULL),
(284, 'txt', 'Will a big rabbit boil the sheep near that robust debonair sharp blushing sheep?', '2019-03-11 02:16:19', 40, NULL),
(285, 'txt', 'Pull the low earthy doctor above the buffalo!', '2019-03-02 09:38:24', 22, NULL),
(286, 'txt', 'Get the shrubbery under this sheep!', '2019-03-14 01:02:16', 45, NULL),
(287, 'txt', 'Will this hatter bring a mellow city?', '2019-02-12 07:28:25', 25, NULL),
(288, 'txt', 'Thread this low perspicacious shrubbery above that big wet cow!', '2019-03-16 11:53:56', 27, NULL),
(289, 'txt', 'Did this green finicky hatter near that blushing sheep learn that mellow programmer?', '2019-01-02 07:42:09', 23, NULL),
(290, 'txt', 'This shrubbery threw that librarian.', '2019-03-15 01:43:20', 47, NULL),
(291, 'txt', 'Fetch a wet red city in that sharp village!', '2019-03-17 12:58:10', 39, NULL),
(292, 'txt', 'Will that expensive dog near a librarian boil this tense city?', '2019-02-22 18:18:21', 26, NULL),
(293, 'txt', 'The librarian under that wet dog reluctantly thought a hatter above a shark.', '2018-12-29 23:37:11', 31, NULL),
(294, 'txt', 'Will this blushing earthy shrubbery learn that librarian?', '2019-01-08 04:36:17', 27, NULL),
(295, 'txt', 'That tense brainy city milked the village at this blushing dog.', '2019-01-14 21:39:18', 51, NULL),
(296, 'txt', 'Fetch the earthy programmer above that shrubbery!', '2019-01-27 18:06:34', 6, NULL),
(297, 'txt', 'Fix the doctor!', '2019-02-19 14:01:13', 34, NULL),
(298, 'txt', 'Will this shrubbery above this cow glue that hatter?', '2019-01-02 12:37:15', 44, NULL),
(299, 'txt', 'A doctor from that shrubbery milked this shark.', '2019-03-13 13:14:56', 43, NULL),
(300, 'txt', 'Pull the programmer!', '2019-02-16 21:55:33', 31, NULL),
(301, 'txt', 'Launch this brainy silly village!', '2019-01-27 12:35:14', 51, NULL);

-- --------------------------------------------------------

--
-- Table structure for table `relationship`
--

CREATE TABLE `relationship` (
  `idRelation` int(11) NOT NULL,
  `idFollowed` int(11) NOT NULL,
  `idFollower` int(11) NOT NULL,
  `dateFollow` timestamp NOT NULL DEFAULT CURRENT_TIMESTAMP ON UPDATE CURRENT_TIMESTAMP
) ENGINE=InnoDB DEFAULT CHARSET=latin1;

--
-- Dumping data for table `relationship`
--

INSERT INTO `relationship` (`idRelation`, `idFollowed`, `idFollower`, `dateFollow`) VALUES
(34, 1, 13, '2018-12-23 22:42:00'),
(35, 1, 16, '2019-01-22 15:22:50'),
(36, 1, 23, '2018-12-22 11:34:40'),
(37, 1, 26, '2019-01-12 08:05:45'),
(38, 1, 36, '2018-12-30 05:07:35'),
(39, 1, 38, '2019-01-01 20:45:18'),
(40, 1, 40, '2019-03-11 12:24:27'),
(41, 1, 41, '2019-03-03 18:03:55'),
(42, 1, 43, '2019-02-23 21:35:18'),
(43, 2, 3, '2018-12-29 11:47:41'),
(44, 2, 4, '2019-03-20 20:55:46'),
(45, 2, 12, '2019-02-06 00:19:10'),
(46, 2, 26, '2019-02-17 09:32:44'),
(47, 3, 6, '2019-03-13 01:44:52'),
(48, 3, 16, '2019-02-22 11:44:54'),
(49, 3, 18, '2019-02-01 19:00:24'),
(50, 3, 42, '2019-01-07 16:51:16'),
(51, 3, 43, '2018-12-30 20:41:58'),
(52, 3, 47, '2019-03-14 22:45:47'),
(53, 3, 61, '2019-01-25 04:51:02'),
(54, 4, 6, '2019-02-25 16:43:55'),
(55, 4, 10, '2019-02-24 18:00:33'),
(56, 4, 17, '2019-03-15 16:47:43'),
(57, 4, 21, '2019-01-02 09:30:22'),
(58, 4, 23, '2019-01-04 15:38:26'),
(59, 4, 28, '2019-01-15 20:09:00'),
(60, 4, 34, '2019-01-08 07:13:14'),
(61, 4, 41, '2019-02-18 12:29:19'),
(62, 4, 46, '2019-03-04 18:05:50'),
(63, 4, 51, '2019-01-16 06:09:41'),
(64, 5, 9, '2019-01-19 02:22:35'),
(65, 5, 12, '2019-02-02 22:45:26'),
(66, 5, 13, '2019-01-13 19:29:26'),
(67, 5, 18, '2019-01-02 22:44:58'),
(68, 5, 20, '2019-01-26 14:06:19'),
(69, 5, 21, '2019-01-23 02:26:26'),
(70, 5, 39, '2019-03-20 17:10:26'),
(71, 5, 44, '2019-01-20 14:18:09'),
(72, 5, 52, '2019-03-02 18:35:48'),
(73, 5, 54, '2019-03-07 18:00:17'),
(74, 5, 56, '2019-02-23 20:41:46'),
(75, 5, 58, '2019-02-13 01:41:26'),
(76, 5, 59, '2019-02-24 12:18:58'),
(77, 5, 60, '2019-01-27 17:40:29'),
(78, 6, 14, '2019-01-05 16:43:32'),
(79, 6, 21, '2019-02-12 08:37:06'),
(80, 6, 22, '2019-02-14 02:21:32'),
(81, 6, 40, '2019-02-09 12:50:25'),
(82, 6, 47, '2019-03-05 04:21:12'),
(83, 6, 56, '2019-01-14 11:34:21'),
(84, 6, 60, '2018-12-28 07:33:42'),
(85, 7, 8, '2018-12-25 10:34:57'),
(86, 7, 9, '2019-02-23 04:25:18'),
(87, 7, 14, '2019-02-03 06:38:06'),
(88, 7, 17, '2018-12-21 16:47:47'),
(89, 7, 22, '2019-03-12 05:43:42'),
(90, 7, 28, '2019-01-16 03:44:56'),
(91, 7, 35, '2019-02-22 09:34:22'),
(92, 7, 42, '2019-02-20 03:46:41'),
(93, 7, 45, '2019-02-05 15:44:15'),
(94, 7, 50, '2019-01-27 10:46:40'),
(95, 8, 15, '2019-03-07 12:41:05'),
(96, 8, 26, '2019-03-03 20:18:12'),
(97, 8, 27, '2019-03-18 08:34:10'),
(98, 8, 30, '2019-01-07 03:04:46'),
(99, 8, 34, '2019-02-28 10:45:36'),
(100, 8, 46, '2019-02-15 15:34:10'),
(101, 8, 48, '2018-12-27 19:16:13'),
(102, 8, 52, '2019-02-22 07:28:13'),
(103, 8, 53, '2018-12-22 12:05:10'),
(104, 8, 54, '2019-03-08 23:22:15'),
(105, 8, 58, '2019-02-24 11:10:32'),
(106, 9, 13, '2019-02-26 12:11:58'),
(107, 9, 19, '2018-12-30 07:49:40'),
(108, 9, 27, '2019-03-20 18:27:04'),
(109, 9, 56, '2019-01-15 04:47:47'),
(110, 9, 58, '2019-02-11 21:45:29'),
(111, 10, 14, '2019-03-04 06:38:52'),
(112, 10, 15, '2019-01-08 00:57:18'),
(113, 10, 23, '2019-01-22 22:31:08'),
(114, 10, 27, '2019-01-20 07:15:46'),
(115, 10, 28, '2019-01-23 15:52:09'),
(116, 10, 30, '2018-12-31 09:02:11'),
(117, 10, 32, '2018-12-26 04:43:59'),
(118, 10, 39, '2019-01-10 18:09:25'),
(119, 10, 54, '2019-03-07 08:31:26'),
(120, 10, 55, '2019-02-23 15:15:17'),
(121, 10, 56, '2018-12-22 04:06:37'),
(122, 10, 57, '2019-01-09 09:04:32'),
(123, 10, 58, '2019-02-09 00:32:23'),
(124, 10, 59, '2019-02-19 06:26:22'),
(125, 11, 17, '2019-02-04 20:20:32'),
(126, 11, 34, '2019-02-14 11:36:18'),
(127, 11, 42, '2019-03-01 10:07:44'),
(128, 11, 45, '2019-01-20 06:32:39'),
(129, 11, 54, '2019-02-16 16:45:05'),
(130, 11, 59, '2019-03-01 02:37:46'),
(131, 12, 22, '2018-12-27 22:21:34'),
(132, 12, 24, '2018-12-24 22:58:41'),
(133, 12, 30, '2018-12-22 10:16:07'),
(134, 12, 32, '2019-01-15 12:27:17'),
(135, 12, 35, '2018-12-30 20:51:18'),
(136, 12, 36, '2019-03-15 16:03:46'),
(137, 12, 50, '2019-01-02 16:19:49'),
(138, 12, 53, '2019-02-07 20:12:46'),
(139, 12, 59, '2019-01-15 21:38:07'),
(140, 13, 17, '2019-03-19 22:31:22'),
(141, 13, 29, '2019-02-26 10:24:08'),
(142, 13, 30, '2018-12-29 21:16:02'),
(143, 13, 39, '2019-01-03 23:00:17'),
(144, 13, 40, '2019-02-25 00:32:45'),
(145, 13, 53, '2019-01-04 11:02:03'),
(146, 13, 54, '2018-12-23 17:27:45'),
(147, 13, 58, '2019-02-25 03:59:53'),
(148, 14, 17, '2019-02-10 00:53:08'),
(149, 14, 19, '2019-03-05 21:32:05'),
(150, 14, 29, '2019-02-28 17:11:07'),
(151, 14, 34, '2018-12-28 22:22:52'),
(152, 14, 41, '2019-01-24 07:51:27'),
(153, 14, 45, '2019-01-25 22:46:10'),
(154, 14, 57, '2019-01-29 10:11:34'),
(155, 15, 17, '2019-01-08 14:15:47'),
(156, 15, 27, '2018-12-27 02:58:13'),
(157, 15, 28, '2019-02-22 08:10:00'),
(158, 15, 32, '2019-02-09 06:30:52'),
(159, 15, 35, '2018-12-21 19:54:21'),
(160, 15, 36, '2019-02-22 10:36:25'),
(161, 15, 47, '2019-01-17 00:08:00'),
(162, 15, 48, '2019-03-05 09:17:30'),
(163, 15, 52, '2018-12-21 22:08:54'),
(164, 15, 59, '2019-01-25 03:49:07'),
(165, 16, 20, '2019-01-30 22:15:53'),
(166, 16, 23, '2019-01-01 15:38:33'),
(167, 16, 24, '2019-03-03 16:14:55'),
(168, 16, 28, '2018-12-23 23:19:14'),
(169, 16, 42, '2019-03-17 23:25:20'),
(170, 16, 43, '2019-02-21 06:41:45'),
(171, 16, 45, '2019-02-07 10:01:28'),
(172, 16, 47, '2019-03-18 12:52:12'),
(173, 17, 23, '2019-02-19 17:15:32'),
(174, 17, 32, '2019-02-22 10:25:01'),
(175, 17, 38, '2019-02-26 00:22:12'),
(176, 17, 55, '2019-03-17 00:23:32'),
(177, 17, 60, '2019-03-16 10:50:56'),
(178, 18, 20, '2019-02-22 08:11:04'),
(179, 18, 26, '2019-03-20 13:52:44'),
(180, 18, 36, '2019-03-01 19:40:55'),
(181, 18, 49, '2019-01-24 20:55:04'),
(182, 18, 54, '2019-01-27 11:22:39'),
(183, 19, 28, '2019-01-30 11:39:59'),
(184, 19, 42, '2019-01-04 12:09:28'),
(185, 19, 49, '2019-01-24 12:34:04'),
(186, 19, 53, '2019-02-03 20:54:41'),
(187, 19, 56, '2019-03-04 11:02:00'),
(188, 20, 27, '2019-03-14 12:18:49'),
(189, 20, 29, '2019-03-21 05:25:35'),
(190, 20, 31, '2019-02-09 00:02:41'),
(191, 20, 39, '2018-12-26 12:01:09'),
(192, 20, 41, '2019-02-16 10:34:08'),
(193, 20, 43, '2018-12-26 16:53:51'),
(194, 20, 44, '2019-02-06 01:30:48'),
(195, 20, 48, '2019-02-09 20:59:10'),
(196, 20, 49, '2019-01-05 19:23:59'),
(197, 20, 53, '2019-03-19 19:06:18'),
(198, 21, 30, '2019-03-16 09:32:33'),
(199, 21, 31, '2019-03-06 10:31:33'),
(200, 21, 35, '2019-03-15 04:53:29'),
(201, 21, 45, '2019-02-26 16:26:33'),
(202, 21, 48, '2019-02-03 06:23:38'),
(203, 21, 51, '2019-01-22 12:53:43'),
(204, 21, 52, '2019-01-25 15:12:38'),
(205, 22, 37, '2019-02-15 14:44:14'),
(206, 22, 41, '2019-01-04 20:47:04'),
(207, 22, 43, '2019-03-03 20:55:54'),
(208, 22, 47, '2019-02-25 10:05:19'),
(209, 22, 51, '2019-02-18 06:40:54'),
(210, 23, 28, '2018-12-25 03:38:10'),
(211, 23, 31, '2019-01-16 17:02:03'),
(212, 23, 32, '2019-02-19 03:56:08'),
(213, 23, 50, '2019-03-16 02:02:09'),
(214, 24, 31, '2019-02-23 18:16:19'),
(215, 24, 34, '2019-02-06 16:56:54'),
(216, 24, 44, '2019-02-14 17:07:19'),
(217, 24, 54, '2019-02-27 10:45:41'),
(218, 24, 59, '2019-01-14 09:52:08'),
(219, 25, 28, '2018-12-30 23:50:53'),
(220, 25, 29, '2019-01-17 16:22:42'),
(221, 25, 37, '2018-12-27 00:09:58'),
(222, 25, 38, '2019-02-01 14:27:12'),
(223, 25, 48, '2019-02-03 21:21:38'),
(224, 25, 50, '2019-01-17 03:53:15'),
(225, 25, 59, '2019-03-03 09:06:35'),
(226, 26, 28, '2019-02-21 14:15:03'),
(227, 26, 39, '2019-02-27 18:57:16'),
(228, 26, 43, '2018-12-31 04:10:05'),
(229, 26, 49, '2019-02-11 06:06:23'),
(230, 26, 54, '2019-02-04 21:53:49'),
(231, 27, 36, '2019-02-04 22:10:42'),
(232, 27, 48, '2018-12-23 19:49:17'),
(233, 27, 53, '2018-12-26 10:14:49'),
(234, 27, 54, '2019-01-07 08:54:39'),
(235, 28, 32, '2019-02-01 01:27:00'),
(236, 28, 33, '2019-02-14 00:36:41'),
(237, 28, 36, '2019-01-08 23:48:36'),
(238, 28, 39, '2019-01-22 19:08:29'),
(239, 28, 44, '2019-03-10 12:24:24'),
(240, 28, 46, '2019-02-08 14:42:52'),
(241, 28, 48, '2019-02-24 14:54:27'),
(242, 28, 50, '2019-03-04 12:16:48'),
(243, 28, 51, '2019-03-16 01:25:49'),
(244, 28, 54, '2019-01-10 12:55:41'),
(245, 28, 60, '2019-02-16 04:00:25'),
(246, 29, 33, '2019-02-11 15:31:16'),
(247, 29, 34, '2019-01-08 01:10:27'),
(248, 29, 36, '2019-01-11 15:04:58'),
(249, 29, 47, '2019-02-09 02:33:17'),
(250, 29, 48, '2019-01-09 19:02:04'),
(251, 29, 55, '2019-02-19 19:09:30'),
(252, 30, 36, '2018-12-24 00:52:53'),
(253, 30, 49, '2018-12-25 20:52:30'),
(254, 30, 55, '2018-12-29 10:58:34'),
(255, 30, 56, '2019-01-15 09:31:48'),
(256, 31, 35, '2018-12-28 21:55:54'),
(257, 31, 50, '2019-02-06 22:13:11'),
(258, 31, 52, '2019-03-10 00:09:14'),
(259, 31, 60, '2019-02-25 07:08:40'),
(260, 32, 33, '2019-03-13 06:17:54'),
(261, 32, 34, '2019-03-21 00:20:44'),
(262, 32, 40, '2019-03-03 16:08:20'),
(263, 32, 42, '2019-01-20 02:47:04'),
(264, 32, 43, '2019-02-02 14:49:31'),
(265, 32, 45, '2019-01-18 08:55:19'),
(266, 32, 46, '2019-03-10 21:51:05'),
(267, 32, 52, '2019-03-11 18:31:21'),
(268, 32, 57, '2019-02-12 21:28:46'),
(269, 33, 39, '2018-12-26 01:00:18'),
(270, 33, 42, '2019-01-28 16:12:41'),
(271, 33, 45, '2019-02-02 21:37:09'),
(272, 33, 47, '2019-03-20 20:26:12'),
(273, 33, 48, '2019-01-16 13:29:54'),
(274, 33, 60, '2019-03-17 08:16:14'),
(275, 34, 36, '2019-03-09 04:51:36'),
(276, 34, 39, '2019-02-04 20:09:35'),
(277, 34, 41, '2019-02-01 12:23:06'),
(278, 34, 56, '2019-03-15 12:13:03'),
(279, 35, 37, '2019-01-14 19:02:24'),
(280, 35, 53, '2019-02-05 13:58:39'),
(281, 35, 57, '2019-03-04 16:58:32'),
(282, 35, 58, '2019-02-19 19:42:48'),
(283, 36, 39, '2019-03-11 23:54:13'),
(284, 36, 43, '2019-01-01 22:18:42'),
(285, 36, 45, '2019-01-08 13:25:37'),
(286, 36, 47, '2019-03-19 23:28:52'),
(287, 36, 51, '2019-02-02 10:41:26'),
(288, 36, 56, '2019-03-14 06:48:06'),
(289, 37, 42, '2019-01-23 08:44:10'),
(290, 37, 55, '2019-01-25 04:44:56'),
(291, 38, 41, '2019-01-13 07:51:50'),
(292, 38, 42, '2019-03-13 13:22:03'),
(293, 38, 44, '2019-01-25 19:12:06'),
(294, 38, 46, '2019-02-13 05:32:16'),
(295, 38, 48, '2019-01-10 15:29:26'),
(296, 38, 50, '2019-01-16 08:33:33'),
(297, 39, 43, '2019-03-02 01:59:23'),
(298, 39, 53, '2019-01-19 07:41:28'),
(299, 39, 55, '2019-01-15 14:31:06'),
(300, 40, 53, '2019-01-13 23:37:46'),
(301, 41, 44, '2019-01-15 14:20:26'),
(302, 41, 49, '2019-02-10 15:03:13'),
(303, 41, 54, '2018-12-21 18:32:05'),
(304, 41, 58, '2019-02-03 12:24:14'),
(305, 41, 60, '2019-02-22 06:14:53'),
(306, 42, 49, '2019-03-02 00:12:58'),
(307, 43, 44, '2019-03-01 18:00:46'),
(308, 43, 45, '2019-01-24 00:55:12'),
(309, 43, 46, '2019-01-29 08:27:34'),
(310, 43, 49, '2019-01-03 09:48:19'),
(311, 43, 53, '2019-02-28 18:50:49'),
(312, 44, 61, '2019-02-12 23:45:44'),
(313, 45, 47, '2019-02-17 11:59:16'),
(314, 45, 49, '2018-12-26 04:43:57'),
(315, 46, 48, '2019-01-05 22:12:20'),
(316, 46, 49, '2019-03-11 02:16:19'),
(317, 46, 56, '2019-03-02 09:38:24'),
(318, 47, 49, '2019-03-14 01:02:16'),
(319, 47, 54, '2019-02-12 07:28:25'),
(320, 47, 59, '2019-03-16 11:53:56'),
(321, 48, 58, '2019-01-02 07:42:09'),
(322, 48, 60, '2019-03-15 01:43:20'),
(323, 48, 61, '2019-03-17 12:58:10'),
(324, 49, 55, '2019-02-22 18:18:21'),
(325, 49, 59, '2018-12-29 23:37:11'),
(326, 50, 53, '2019-01-08 04:36:17'),
(327, 50, 56, '2019-01-14 21:39:18'),
(328, 50, 59, '2019-01-27 18:06:34'),
(329, 53, 56, '2019-02-19 14:01:13'),
(330, 53, 60, '2019-01-02 12:37:15'),
(331, 56, 60, '2019-03-13 13:14:56'),
(332, 57, 60, '2019-02-16 21:55:33'),
(333, 58, 61, '2019-01-27 12:35:14');

-- --------------------------------------------------------

--
-- Table structure for table `user`
--

CREATE TABLE `user` (
  `idUser` int(11) NOT NULL,
  `username` varchar(255) DEFAULT NULL,
  `password` varchar(255) NOT NULL,
  `dispName` varchar(255) NOT NULL,
  `gender` enum('Female','Male','Non-binary','') NOT NULL,
  `birthDate` date NOT NULL,
  `email` varchar(255) NOT NULL,
  `dateRegistered` datetime(6) NOT NULL,
  `bio` varchar(255) DEFAULT NULL,
  `phoneNum` varchar(255) NOT NULL,
  `profPic` varchar(255) DEFAULT NULL
) ENGINE=InnoDB DEFAULT CHARSET=latin1;

--
-- Dumping data for table `user`
--

INSERT INTO `user` (`idUser`, `username`, `password`, `dispName`, `gender`, `birthDate`, `email`, `dateRegistered`, `bio`, `phoneNum`, `profPic`) VALUES
(1, 'HerrodBauer', 'VUS55B8B', 'Ezra Underwood', 'Male', '1999-09-05', 'mus@est.edu', '2016-12-20 07:08:08.000000', 'lorem, eget mollis lectus', '089005755930', NULL),
(2, 'WillowPhillips', 'REN44M4H', 'Keefe Rivas', 'Female', '2002-03-23', 'libero.nec@sitametornare.edu', '2018-03-11 14:15:32.000000', 'nonummy. Fusce fermentum', '089471190330', NULL),
(3, 'IvorFitzpatrick', 'JNX87O4P', 'Xaviera Oneal', 'Female', '1994-10-29', 'urna.convallis.erat@etmagnis.com', '2017-01-23 05:00:13.000000', 'libero at', '083369621139', NULL),
(4, 'OliviaPatel', 'EVV50F4D', 'Palmer Ray', 'Male', '1981-03-04', 'magna.tellus@nibh.org', '2018-01-21 19:54:49.000000', 'erat, eget', '089367958878', NULL),
(5, 'FullerCook', 'KYU20K6B', 'Aristotle Benjamin', 'Female', '2004-05-07', 'arcu.Morbi.sit@arcu.com', '2018-06-20 10:31:54.000000', 'risus quis diam', '083362876760', NULL),
(6, 'CynthiaEspinoza', 'XAK99P0R', 'Cherokee Richard', 'Female', '1994-12-02', 'nec.urna@euismodestarcu.com', '2019-01-06 13:39:35.000000', 'leo. Vivamus', '084011644816', NULL),
(7, 'GrantGallegos', 'OXA36E2X', 'Nina Burnett', 'Male', '1983-03-29', 'leo.Vivamus@ultriciesadipiscing.ca', '2016-12-02 06:51:43.000000', 'magna. Sed eu', '088517106412', NULL),
(8, 'GenevieveFinley', 'VQF38T5G', 'Yasir Wooten', 'Male', '2006-05-22', 'mi@nibhDonec.co.uk', '2018-01-25 20:29:22.000000', 'commodo ipsum. Suspendisse non', '086769564101', NULL),
(9, 'TeaganCole', 'HGX87O2S', 'Harrison Arnold', 'Female', '2009-01-25', 'in.felis.Nulla@nibhsit.edu', '2017-07-18 04:32:44.000000', 'nibh. Donec est', '081472621158', NULL),
(10, 'VenusNoel', 'RVK13J1X', 'Ahmed Anderson', 'Female', '2008-12-13', 'urna.Vivamus@sed.ca', '2017-12-05 15:48:20.000000', 'magna tellus faucibus leo,', '086534076547', NULL),
(11, 'JonasHunt', 'HNQ56K4I', 'Samantha Beard', 'Female', '2007-12-29', 'arcu.Morbi.sit@Pellentesquehabitantmorbi.com', '2017-12-02 21:27:55.000000', 'sodales. Mauris', '086794742592', NULL),
(12, 'ElliottValencia', 'QAA83E0U', 'Demetria Sanford', 'Male', '2005-12-08', 'venenatis.lacus@Fusce.com', '2018-08-31 16:44:02.000000', 'eu, odio. Phasellus at', '081459580721', NULL),
(13, 'SteelAnthony', 'QYO55S7O', 'Aquila Roy', 'Male', '1998-03-18', 'varius@anequeNullam.com', '2018-06-07 04:01:49.000000', 'morbi tristique senectus', '081218275578', NULL),
(14, 'JackLara', 'KHH26S6K', 'Keith Elliott', 'Male', '1981-11-15', 'Sed.nulla@fringilla.co.uk', '2016-06-10 10:35:24.000000', 'odio. Phasellus at', '084876226697', NULL),
(15, 'TylerSandoval', 'NFZ18X6H', 'Erich Cantrell', 'Male', '1990-04-10', 'ante.lectus.convallis@neque.org', '2016-03-22 04:25:04.000000', 'gravida sit amet, dapibus', '080131315989', NULL),
(16, 'SybilWyatt', 'GTD32Z7Y', 'Malik Lambert', 'Male', '1982-01-23', 'quis.urna@nuncrisusvarius.net', '2019-01-06 01:38:51.000000', 'euismod ac, fermentum', '084978661432', NULL),
(17, 'WadeAlvarado', 'OWV28H6V', 'Astra Joseph', 'Female', '2004-07-11', 'Cum@magnis.co.uk', '2018-04-09 06:01:49.000000', 'magna sed', '086022688363', NULL),
(18, 'JasonErickson', 'LAA69S2Q', 'Joel Odonnell', 'Female', '2005-12-27', 'nec.leo.Morbi@Ut.edu', '2018-03-06 21:02:44.000000', 'Curabitur massa.', '086410731127', NULL),
(19, 'KasperHopper', 'FAY27K3X', 'Shana Peterson', 'Female', '1990-11-13', 'nunc@netuset.com', '2018-05-26 01:49:18.000000', 'purus gravida', '080875534491', NULL),
(20, 'AmosMolina', 'XOU06V8C', 'Charde Lester', 'Male', '1994-01-18', 'ornare.elit.elit@antedictumcursus.ca', '2017-09-18 17:04:15.000000', 'semper', '086831624542', NULL),
(21, 'ColtMoran', 'HEY84S6U', 'Bryar Vang', 'Male', '2007-04-01', 'Phasellus.dapibus.quam@orciUt.edu', '2017-10-23 02:38:05.000000', 'imperdiet', '082239809773', NULL),
(22, 'JulianClayton', 'UBQ51K0Y', 'Jamalia Mayo', 'Female', '2000-01-08', 'Donec@inmagna.org', '2017-05-21 08:37:37.000000', 'tempor lorem, eget mollis', '089245801552', NULL),
(23, 'HadassahMorris', 'PTV35B6I', 'Slade Hansen', 'Female', '1985-07-24', 'semper@egestas.org', '2017-12-21 13:39:40.000000', 'consectetuer rhoncus. Nullam', '085586641137', NULL),
(24, 'XylaBrady', 'SBM45X1V', 'Lucy Heath', 'Female', '1989-06-17', 'Curabitur@Maurismagna.edu', '2018-05-09 03:18:08.000000', 'pretium aliquet, metus', '085731026214', NULL),
(25, 'QuentinBarnes', 'UMT10E2R', 'Naomi Craig', 'Female', '1996-04-25', 'lacinia.vitae.sodales@iaculislacus.net', '2019-01-31 09:48:03.000000', 'id, ante. Nunc mauris', '082165956486', NULL),
(26, 'AmyBerg', 'QWH27S3F', 'Abbot Martin', 'Female', '2006-11-05', 'dapibus@et.net', '2017-05-30 11:23:59.000000', 'mattis ornare, lectus ante', '082005423521', NULL),
(27, 'FritzKramer', 'JPR00Q6F', 'Kenneth Oneill', 'Male', '1983-05-25', 'pellentesque@leo.org', '2017-01-27 22:34:02.000000', 'porttitor', '088021263918', NULL),
(28, 'KadenFields', 'AZN11J7W', 'Evelyn Burton', 'Male', '2008-09-05', 'Donec.sollicitudin@justoProinnon.co.uk', '2016-04-27 10:58:50.000000', 'Vivamus molestie dapibus', '086852379024', NULL),
(29, 'CelesteVinson', 'UCQ73C3G', 'Zenaida Mcmahon', 'Male', '1982-08-06', 'taciti.sociosqu@Aliquam.ca', '2017-01-21 21:17:22.000000', 'arcu et pede. Nunc', '088034042002', NULL),
(30, 'RoganSerrano', 'DPK44U2L', 'Sarah Orr', 'Female', '2001-05-17', 'at.augue@penatibus.co.uk', '2016-08-01 15:27:17.000000', 'ac mattis velit', '086528158869', NULL),
(31, 'LamarOneal', 'DDC32Z8K', 'Mason Potts', 'Male', '1999-10-28', 'aliquet@massarutrum.co.uk', '2017-10-22 14:00:40.000000', 'faucibus id, libero. Donec', '080066308213', NULL),
(32, 'ShellyLee', 'AOJ45K9D', 'Keith England', 'Female', '1992-07-16', 'at.libero@sapien.net', '2018-08-10 04:48:48.000000', 'nisi sem', '089255565530', NULL),
(33, 'FerrisRobertson', 'YNH33N8N', 'Hector Gonzales', 'Male', '2009-08-26', 'lacus.Ut@ac.edu', '2018-04-09 18:27:17.000000', 'nascetur', '080008308637', NULL),
(34, 'SteelDuffy', 'RCN10B5C', 'Ezra Combs', 'Male', '1980-05-03', 'eu.dolor@Phasellusliberomauris.org', '2017-04-23 04:48:15.000000', 'libero.', '086114473358', NULL),
(35, 'OrliSherman', 'DNA79L1K', 'Paki Britt', 'Female', '2000-02-29', 'faucibus.leo@fringillapurus.edu', '2017-02-17 16:13:21.000000', 'vitae dolor. Donec', '081922738695', NULL),
(36, 'QuamarHobbs', 'NMS39S1Y', 'Kitra Fleming', 'Male', '2003-09-26', 'tortor.dictum.eu@sitametrisus.org', '2018-06-16 02:45:23.000000', 'sollicitudin', '084762400886', NULL),
(37, 'BriarStrickland', 'SBT58R3N', 'Dane Stuart', 'Male', '1999-09-01', 'at.fringilla@Proinvel.co.uk', '2018-10-01 06:24:33.000000', 'malesuada fames ac turpis', '087267231669', NULL),
(38, 'RaymondReed', 'EAV16X9U', 'Phillip Hahn', 'Male', '1990-11-29', 'Cras.eu@acsem.org', '2016-12-15 21:46:51.000000', 'Donec', '086818257213', NULL),
(39, 'ColePacheco', 'QNO53K3T', 'Portia Obrien', 'Male', '1985-06-21', 'vestibulum.lorem.sit@mi.co.uk', '2016-05-13 03:31:44.000000', 'pharetra. Quisque', '085110343975', NULL),
(40, 'AquilaSawyer', 'FON92L6Y', 'Jada Rosario', 'Female', '2005-05-18', 'sit.amet.metus@cursusnon.org', '2017-06-07 13:30:24.000000', 'a,', '086072861880', NULL),
(41, 'HedwigKey', 'XTV97N7B', 'Giacomo Roman', 'Female', '2003-01-02', 'at.nisi@elit.net', '2018-03-16 18:59:24.000000', 'Maecenas libero', '085793776814', NULL),
(42, 'ShaeleighWatts', 'GBX96H8T', 'Lunea Dennis', 'Female', '2009-07-24', 'neque@loremsemperauctor.org', '2018-03-03 13:49:38.000000', 'mauris ut mi.', '082347637712', NULL),
(43, 'KennethEverett', 'OEV65H5H', 'Hayfa Dunlap', 'Female', '1980-06-21', 'montes@mi.ca', '2016-07-03 06:52:17.000000', 'eu', '089672108918', NULL),
(44, 'WyattMeyer', 'QFV53N2D', 'Reese Simon', 'Male', '2003-07-10', 'est.ac@Nuncac.org', '2019-01-04 12:19:56.000000', 'mattis.', '083994850276', NULL),
(45, 'AmberStark', 'SFH77W2D', 'Cally Salas', 'Male', '1996-03-13', 'non@Curabiturut.com', '2016-05-01 08:11:34.000000', 'tincidunt,', '082265823798', NULL),
(46, 'SloaneWebster', 'WPF17N4G', 'Nayda Ball', 'Male', '2000-09-25', 'Cum.sociis@Sedmalesuada.com', '2018-03-18 16:38:48.000000', 'pellentesque eget, dictum placerat,', '084274961849', NULL),
(47, 'NevilleKennedy', 'SXB17N4K', 'Idona Mccray', 'Female', '1987-04-29', 'lorem.semper@elit.net', '2017-01-26 20:02:58.000000', 'porttitor scelerisque neque. Nullam', '089597448703', NULL),
(48, 'AleaBrooks', 'AUT80C7J', 'Amos Ferrell', 'Male', '1998-02-26', 'Praesent.luctus@fringillaest.net', '2017-08-26 12:42:47.000000', 'orci tincidunt adipiscing. Mauris', '088779759934', NULL),
(49, 'ReubenWeaver', 'LIM29M9Y', 'Keely Wiley', 'Female', '2009-12-27', 'dui.quis@Vestibulumanteipsum.com', '2016-10-27 21:28:22.000000', 'egestas. Duis ac', '083398209113', NULL),
(50, 'RonanBlack', 'RXK72F1P', 'Colorado Wheeler', 'Female', '2005-10-16', 'vehicula@consequat.com', '2018-08-16 16:46:46.000000', 'iaculis', '082599939255', NULL),
(51, 'DeanCantrell', 'PRT81L1S', 'Shaine Benjamin', 'Female', '2000-01-28', 'urna.convallis.erat@arcu.edu', '2017-06-12 16:48:48.000000', 'Nunc sed orci', '089574834829', NULL),
(52, 'WallaceGreene', 'XPG66P6C', 'Desiree Nelson', 'Male', '1993-12-17', 'Nulla.dignissim@ullamcorper.com', '2017-05-29 12:58:27.000000', 'odio. Aliquam', '089552700294', NULL),
(53, 'ScarletYoung', 'TGB70Q8Q', 'Jael Combs', 'Female', '1992-03-02', 'a@accumsan.org', '2018-08-04 19:10:02.000000', 'sagittis', '084545694921', NULL),
(54, 'RossRiley', 'OMT10T0D', 'Serena Dorsey', 'Male', '1997-09-07', 'morbi.tristique@aliquetodio.ca', '2017-01-22 12:17:09.000000', 'lacus.', '085917534965', NULL),
(55, 'XanthusVance', 'ZAD08M0V', 'Reese Delaney', 'Female', '1996-12-31', 'lorem.ipsum@aneque.ca', '2017-10-05 22:16:04.000000', 'dapibus ligula.', '080872009957', NULL),
(56, 'ErichDavenport', 'AUV41X8U', 'Jackson Weber', 'Female', '2001-01-09', 'sed@lobortisClassaptent.edu', '2018-01-28 19:56:21.000000', 'neque. Nullam nisl.', '081459962355', NULL),
(57, 'WendyReyes', 'LFB84Z9S', 'Colleen Griffin', 'Female', '1981-06-26', 'Mauris@felis.co.uk', '2017-10-03 10:39:38.000000', 'amet, consectetuer adipiscing', '085539851920', NULL),
(58, 'LeonardBrady', 'SWV52A6J', 'Gisela Combs', 'Male', '1993-04-08', 'feugiat@turpisnon.ca', '2016-12-14 09:49:16.000000', 'augue, eu tempor', '089846011553', NULL),
(59, 'StellaMcmillan', 'ZPE69E0R', 'Ursula Livingston', 'Female', '1984-08-01', 'pede.Cum.sociis@placeratvelitQuisque.edu', '2017-11-28 00:40:23.000000', 'sit amet luctus', '086706256097', NULL),
(60, 'BrendenMccarty', 'PCD56P7W', 'Steven Wilson', 'Male', '2003-10-11', 'fringilla@fringillaDonec.edu', '2017-10-06 09:19:03.000000', 'et ipsum', '081446024989', NULL),
(61, 'KayeLester', 'IYG04A5X', 'Shafira Howe', 'Male', '2004-09-20', 'Donec.est@eleifendCrassed.net', '2016-04-26 22:16:05.000000', 'Morbi vehicula. Pellentesque tincidunt', '083973094784', NULL);

--
-- Indexes for dumped tables
--

--
-- Indexes for table `comment`
--
ALTER TABLE `comment`
  ADD PRIMARY KEY (`idComment`),
  ADD KEY `idPost` (`idPost`),
  ADD KEY `idUser` (`idUser`);

--
-- Indexes for table `likes`
--
ALTER TABLE `likes`
  ADD PRIMARY KEY (`idLikes`),
  ADD KEY `idPost` (`idPost`),
  ADD KEY `idUser` (`idUser`);

--
-- Indexes for table `post`
--
ALTER TABLE `post`
  ADD PRIMARY KEY (`idPost`),
  ADD KEY `idUser` (`idUser`);

--
-- Indexes for table `relationship`
--
ALTER TABLE `relationship`
  ADD PRIMARY KEY (`idRelation`),
  ADD KEY `idFollowed` (`idFollowed`),
  ADD KEY `idFollower` (`idFollower`);

--
-- Indexes for table `user`
--
ALTER TABLE `user`
  ADD PRIMARY KEY (`idUser`),
  ADD UNIQUE KEY `email` (`email`),
  ADD UNIQUE KEY `username` (`username`);

--
-- AUTO_INCREMENT for dumped tables
--

--
-- AUTO_INCREMENT for table `comment`
--
ALTER TABLE `comment`
  MODIFY `idComment` int(11) NOT NULL AUTO_INCREMENT, AUTO_INCREMENT=1001;

--
-- AUTO_INCREMENT for table `likes`
--
ALTER TABLE `likes`
  MODIFY `idLikes` int(11) NOT NULL AUTO_INCREMENT, AUTO_INCREMENT=2002;

--
-- AUTO_INCREMENT for table `post`
--
ALTER TABLE `post`
  MODIFY `idPost` int(11) NOT NULL AUTO_INCREMENT, AUTO_INCREMENT=302;

--
-- AUTO_INCREMENT for table `relationship`
--
ALTER TABLE `relationship`
  MODIFY `idRelation` int(11) NOT NULL AUTO_INCREMENT, AUTO_INCREMENT=334;

--
-- AUTO_INCREMENT for table `user`
--
ALTER TABLE `user`
  MODIFY `idUser` int(11) NOT NULL AUTO_INCREMENT, AUTO_INCREMENT=62;

--
-- Constraints for dumped tables
--

--
-- Constraints for table `comment`
--
ALTER TABLE `comment`
  ADD CONSTRAINT `comment_ibfk_1` FOREIGN KEY (`idPost`) REFERENCES `post` (`idPost`),
  ADD CONSTRAINT `comment_ibfk_2` FOREIGN KEY (`idUser`) REFERENCES `user` (`idUser`);

--
-- Constraints for table `likes`
--
ALTER TABLE `likes`
  ADD CONSTRAINT `likes_ibfk_1` FOREIGN KEY (`idPost`) REFERENCES `post` (`idPost`),
  ADD CONSTRAINT `likes_ibfk_2` FOREIGN KEY (`idUser`) REFERENCES `user` (`idUser`);

--
-- Constraints for table `post`
--
ALTER TABLE `post`
  ADD CONSTRAINT `post_ibfk_1` FOREIGN KEY (`idUser`) REFERENCES `user` (`idUser`);

--
-- Constraints for table `relationship`
--
ALTER TABLE `relationship`
  ADD CONSTRAINT `relationship_ibfk_1` FOREIGN KEY (`idFollowed`) REFERENCES `user` (`idUser`),
  ADD CONSTRAINT `relationship_ibfk_2` FOREIGN KEY (`idFollower`) REFERENCES `user` (`idUser`);
COMMIT;

/*!40101 SET CHARACTER_SET_CLIENT=@OLD_CHARACTER_SET_CLIENT */;
/*!40101 SET CHARACTER_SET_RESULTS=@OLD_CHARACTER_SET_RESULTS */;
/*!40101 SET COLLATION_CONNECTION=@OLD_COLLATION_CONNECTION */;
